ID,Title,Interpret,Album,track,year,genre
1,Rolling In the Deep,Adele,21,1,2011,Pop
2,Rumour Has It,Adele,21,2,2011,Pop
3,Turning Tables,Adele,21,3,2011,Pop
4,Don't You Remember,Adele,21,4,2011,Pop
5,Set Fire to the Rain,Adele,21,5,2011,Pop
6,He Won't Go,Adele,21,6,2011,Pop
7,Take It All,Adele,21,7,2011,Pop
8,I'll Be Waiting,Adele,21,8,2011,Pop
9,One and Only,Adele,21,9,2011,Pop
10,Lovesong,Adele,21,10,2011,Pop
11,Someone Like You,Adele,21,11,2011,Pop
12,I Found a Boy (Bonus Track),Adele,21,12,2011,Pop
13,Adele 21 - A Track By Track Interview,Adele,21,13,2011,Pop
14,Hello,Adele,25,1,2015,Pop
15,Send My Love (To Your New Lover),Adele,25,2,2015,Pop
16,I Miss You,Adele,25,3,2015,Pop
17,When We Were Young,Adele,25,4,2015,Pop
18,Remedy,Adele,25,5,2015,Pop
19,Water Under the Bridge,Adele,25,6,2015,Pop
20,River Lea,Adele,25,7,2015,Pop
21,Love in the Dark,Adele,25,8,2015,Pop
22,Million Years Ago,Adele,25,9,2015,Pop
23,All I Ask,Adele,25,10,2015,Pop
24,Sweetest Devotion,Adele,25,11,2015,Pop
25,Qirayis,Ahmet Aslan,Va u Waxt (Wind Und Zeit) Rüzgar ve Zaman,1,2003,Weltmusik
26,Cirtike,Ahmet Aslan,Va u Waxt (Wind Und Zeit) Rüzgar ve Zaman,2,2003,Weltmusik
27,Meso,Ahmet Aslan,Va u Waxt (Wind Und Zeit) Rüzgar ve Zaman,3,2003,Weltmusik
28,Susarak Özlüyorum (İşte Buna Bıçak Çekiyorum),Ahmet Aslan,Va u Waxt (Wind Und Zeit) Rüzgar ve Zaman,4,2003,Weltmusik
29,Gulbang,Ahmet Aslan,Va u Waxt (Wind Und Zeit) Rüzgar ve Zaman,5,2003,Weltmusik
30,Tanımadığım Ten,Ahmet Aslan,Va u Waxt (Wind Und Zeit) Rüzgar ve Zaman,6,2003,Weltmusik
31,Sewda Saye,Ahmet Aslan,Va u Waxt (Wind Und Zeit) Rüzgar ve Zaman,7,2003,Weltmusik
32,Birlik Zamanı Dersim,Ahmet Aslan,Va u Waxt (Wind Und Zeit) Rüzgar ve Zaman,8,2003,Weltmusik
33,Xerib,Ahmet Aslan,Va u Waxt (Wind Und Zeit) Rüzgar ve Zaman,9,2003,Weltmusik
34,Pervane,Ahmet Aslan,Va u Waxt (Wind Und Zeit) Rüzgar ve Zaman,10,2003,Weltmusik
35,Up All Night,Alex Clare,The Lateness of the Hour (Deluxe Edition),1,2011,Pop
36,Treading Water,Alex Clare,The Lateness of the Hour (Deluxe Edition),2,2011,Pop
37,Relax My Beloved,Alex Clare,The Lateness of the Hour (Deluxe Edition),3,2011,Pop
38,Too Close,Alex Clare,The Lateness of the Hour (Deluxe Edition),4,2011,Pop
39,When Doves Cry,Alex Clare,The Lateness of the Hour (Deluxe Edition),5,2011,Pop
40,Humming Bird,Alex Clare,The Lateness of the Hour (Deluxe Edition),6,2011,Pop
41,Hands Are Clever,Alex Clare,The Lateness of the Hour (Deluxe Edition),7,2011,Pop
42,Tight Rope,Alex Clare,The Lateness of the Hour (Deluxe Edition),8,2011,Pop
43,Whispering,Alex Clare,The Lateness of the Hour (Deluxe Edition),9,2011,Pop
44,I Love You,Alex Clare,The Lateness of the Hour (Deluxe Edition),10,2011,Pop
45,Sanctuary,Alex Clare,The Lateness of the Hour (Deluxe Edition),11,2011,Pop
46,I Won't Let You Down,Alex Clare,The Lateness of the Hour (Deluxe Edition),12,2011,Pop
47,Where Is the Heart?,Alex Clare,The Lateness of the Hour (Deluxe Edition),13,2011,Pop
48,Treading Water (Unplugged),Alex Clare,The Lateness of the Hour (Deluxe Edition),14,2011,Pop
49,Up All Night,Alex Clare,The Lateness of the Hour (Deluxe Edition),15,2011,Pop
﻿50,Too Close,Alex Clare,The Lateness of the Hour (Deluxe Edition),16,2011,Pop
51,Too Close,Alex Clare,The Lateness of the Hour (Deluxe Edition),17,2011,Pop
52,Empire State of Mind, Pt. II,Alicia Keys,The Element of Freedom (Deluxe Edition),14,2009,R&B/Soul
53,Tomorrow Never Knows,Alison Mosshart,Sucker Punch (Original Motion Picture Soundtrack),6,2011,Soundtracks
54,I Need A Dollar,Aloe Blacc,Good Things,1,2010,R&B/Soul
55,Green Lights,Aloe Blacc,Good Things,2,2010,R&B/Soul
56,Hey Brother,Aloe Blacc,Good Things,3,2010,R&B/Soul
57,Miss Fortune,Aloe Blacc,Good Things,4,2010,R&B/Soul
58,Life So Hard,Aloe Blacc,Good Things,5,2010,R&B/Soul
59,Take Me Back,Aloe Blacc,Good Things,6,2010,R&B/Soul
60,Femme Fatale,Aloe Blacc,Good Things,7,2010,R&B/Soul
61,Loving You Is Killing Me,Aloe Blacc,Good Things,8,2010,R&B/Soul
62,Good Things,Aloe Blacc,Good Things,9,2010,R&B/Soul
63,You Make Me Smile,Aloe Blacc,Good Things,10,2010,R&B/Soul
64,If I,Aloe Blacc,Good Things,11,2010,R&B/Soul
65,Mama Hold My Hand,Aloe Blacc,Good Things,12,2010,R&B/Soul
66,Politician (Reprise),Aloe Blacc,Good Things,13,2010,R&B/Soul
67,Let It Rain,Amanda Marshall,Intermission - The Singles Collection,1,2003,Pop
68,Tike Tike Kardi,Arash,Arash,1,2005,Pop
69,Yalla,Arash,Arash,2,2005,Pop
70,Boro Boro (Radio Edit),Arash,Arash,3,2005,Pop
71,Ey Yar Begoo,Arash,Arash,4,2005,Pop
72,Temptation,Arash,Arash,5,2005,Pop
73,Arash,Arash,Arash,6,2005,Pop
74,Bombay Dreams,Arash,Arash,7,2005,Pop
75,Mano To,Arash,Arash,8,2005,Pop
76,Baskon,Arash,Arash,9,2005,Pop
77,Music Is My Language,Arash,Arash,10,2005,Pop
78,Salamati,Arash,Arash,11,2005,Pop
79,Behnaz,Arash,Arash,12,2005,Pop
80,Boro Boro Bollywood Café,Arash,Arash,13,2005,Pop
81,Tike Tike Kardi (Payami Lounge),Arash,Arash,14,2005,Pop
82,Bal Gibi Olur,Asu Maralman,45'lik,6,2009,Weltmusik
83,Hayat Arkadaşım (Versiyon),Atakan Ilgazdağ,Ya Sonra,5,2011,Türkisch
84,My Feelings For You (Radio Edit),Avicii & Sebastien Drums,My Feelings For You - taken from Superstar,1,2010,Dance
85,Hal Hal,Barış Manço,Hal Hal,1,1989,Weltmusik
86,Dönence,Barış Manço,Hal Hal,2,1989,Weltmusik
87,Alla Beni Pulla Beni,Barış Manço,Hal Hal,3,1989,Weltmusik
88,Ademoğlu Kızgın Fırın Havva Kızı Mercimek,Barış Manço,Hal Hal,4,1989,Weltmusik
89,Ali Yazar Veli Bozar,Barış Manço,Hal Hal,5,1989,Weltmusik
90,Bahçede Hanımeli,Barış Manço,Hal Hal,6,1989,Weltmusik
91,Halil İbrahim Sofrası,Barış Manço,Hal Hal,8,1989,Weltmusik
92,Geçti Dost Kervanı,Barış Manço,Hal Hal,9,1989,Weltmusik
93,Kazma,Barış Manço,Hal Hal,10,1989,Weltmusik
94,Bal Sultan,Barış Manço,Hal Hal,11,1989,Weltmusik
95,Aman Yavaş Aheste,Barış Manço,Hal Hal,12,1989,Weltmusik
96,Kol Düğmeleri,Barış Manço,Hal Hal,13,1989,Weltmusik
97,Eski Bir Fincan,Barış Manço,Hal Hal,14,1989,Weltmusik
98,Çıt Çıt Çedene,Barış Manço,Hal Hal,15,1989,Weltmusik
99,Arkadaşım Eşşek,Barış Manço,Hal Hal,16,1989,Weltmusik
﻿100,Alla Beni Pulla Beni,Barış Manço,Mançoloji,7,1999,Weltmusik
101,Lambaya Puf De,Barış Manço,Prog Is Not a Four Letter Word,6,2007,Rock
102,Binboganin Kizi,Barış Manço & Moğollar,Istanbul 70 - Psych, Disco, Folk Classics,13,2012,Weltmusik
103,Beş Harfli,Berkay Şenol,Ya Sonra,10,2011,Türkisch
104,Çevirme,Berkay Şenol,Ya Sonra,11,2011,Türkisch
105,Latiniz,Berkay Şenol,Ya Sonra,20,2011,Türkisch
106,Bibi Blocksberg Lied,Bibi Blocksberg,Folge 9: Bibi Blocksberg verliebt sich,1,2007,Hörspiele
107,Folge 9 - Kapitel 1: Bibi vermisst Boris,Bibi Blocksberg,Folge 9: Bibi Blocksberg verliebt sich,2,2007,Hörspiele
108,Folge 9 - Kapitel 2: Zum ersten mal verliebt,Bibi Blocksberg,Folge 9: Bibi Blocksberg verliebt sich,3,2007,Hörspiele
109,Folge 9 - Kapitel 3: Einfach abgeblitzt,Bibi Blocksberg,Folge 9: Bibi Blocksberg verliebt sich,4,2007,Hörspiele
110,Folge 9 - Kapitel 4: Auf Schönheit kommt's nicht an,Bibi Blocksberg,Folge 9: Bibi Blocksberg verliebt sich,5,2007,Hörspiele
111,Folge 9 - Kapitel 5: Die Liebeshexerei,Bibi Blocksberg,Folge 9: Bibi Blocksberg verliebt sich,6,2007,Hörspiele
112,Folge 9 - Kapitel 6: Verabredung zum Eisessen,Bibi Blocksberg,Folge 9: Bibi Blocksberg verliebt sich,7,2007,Hörspiele
113,Folge 9 - Kapitel 7: Bibi hilft beim Umzug,Bibi Blocksberg,Folge 9: Bibi Blocksberg verliebt sich,8,2007,Hörspiele
114,Bibi Blocksberg Lied,Bibi Blocksberg,Folge 28: Bibi Blocksberg im Dschungel,1,2007,Hörspiele
115,Folge 28 - Kapitel 1: Bibi allein zu Haus,Bibi Blocksberg,Folge 28: Bibi Blocksberg im Dschungel,2,2007,Hörspiele
116,Folge 28 - Kapitel 2: Auf dem Dachboden,Bibi Blocksberg,Folge 28: Bibi Blocksberg im Dschungel,3,2007,Hörspiele
117,Folge 28 - Kapitel 3: Im Hexendschungel,Bibi Blocksberg,Folge 28: Bibi Blocksberg im Dschungel,4,2007,Hörspiele
118,Folge 28 - Kapitel 4: Streitlustige Forscher,Bibi Blocksberg,Folge 28: Bibi Blocksberg im Dschungel,5,2007,Hörspiele
119,Folge 28 - Kapitel 5: Gehexte Leckereien,Bibi Blocksberg,Folge 28: Bibi Blocksberg im Dschungel,6,2007,Hörspiele
120,Folge 28 - Kapitel 6: Turbulente Floßfahrt,Bibi Blocksberg,Folge 28: Bibi Blocksberg im Dschungel,7,2007,Hörspiele
121,Folge 28 - Kapitel 7: Von Mami zurückgehext,Bibi Blocksberg,Folge 28: Bibi Blocksberg im Dschungel,8,2007,Hörspiele
122,Folge 28 - Kapitel 8: Nächtlicher Presserummel,Bibi Blocksberg,Folge 28: Bibi Blocksberg im Dschungel,9,2007,Hörspiele
123,Kalbim Durdu Heyecandan,Bilgen Bengü,45'lik,10,2009,Weltmusik
124,Army of Me (Sucker Punch Remix),Björk,Sucker Punch (Original Motion Picture Soundtrack),2,2011,Soundtracks
125,Jammin',Bob Marley & The Wailers,Africa Unite: The Singles Collection,11,2005,Reggae
126,Always,Bon Jovi,Bon Jovi: Greatest Hits - The Ultimate Collection,13,2010,Rock
127,Locked Out of Heaven,Bruno Mars,Locked Out of Heaven - Single,1,2012,Pop
128,Love Is the Drug,Carla Gugino & Oscar Isaac,Sucker Punch (Original Motion Picture Soundtrack),9,2011,Soundtracks
129,Bella,Carlos Santana,Desperado (The Soundtrack),11,1995,Pop
130,That Man,Caro Emerald,Deleted Scenes from the Cutting Room Floor,1,2010,Pop
131,Just One Dance,Caro Emerald,Deleted Scenes from the Cutting Room Floor,2,2010,Pop
132,Riviera Life,Caro Emerald,Deleted Scenes from the Cutting Room Floor,3,2010,Pop
133,Back It Up,Caro Emerald,Deleted Scenes from the Cutting Room Floor,4,2010,Pop
134,The Other Woman,Caro Emerald,Deleted Scenes from the Cutting Room Floor,5,2010,Pop
135,Absolutely Me,Caro Emerald,Deleted Scenes from the Cutting Room Floor,6,2010,Pop
136,You Don't Love Me,Caro Emerald,Deleted Scenes from the Cutting Room Floor,7,2010,Pop
137,Dr. Wanna Do,Caro Emerald,Deleted Scenes from the Cutting Room Floor,8,2010,Pop
138,Stuck,Caro Emerald,Deleted Scenes from the Cutting Room Floor,9,2010,Pop
139,I Know That He's Mine,Caro Emerald,Deleted Scenes from the Cutting Room Floor,10,2010,Pop
140,A Night Like This,Caro Emerald,Deleted Scenes from the Cutting Room Floor,11,2010,Pop
141,The Lipstick On His Collar Doesn't Seem to Match Mine,Caro Emerald,Deleted Scenes from the Cutting Room Floor,12,2010,Pop
142,Bright Lights Bigger City,CeeLo Green,The Lady Killer (Deluxe),2,2010,R&B/Soul
143,Nem Alacak Felek Benim,Cem Karaca,Istanbul 70 - Psych, Disco, Folk Classics,1,2012,Weltmusik
144,Can't Hardly Stand It,Charlie Feathers,Kill Bill, Vol. 2 (Original Soundtrack),4,2004,Soundtracks
145,Malaguena Salerosa,Chingon,Kill Bill, Vol. 2 (Original Soundtrack),14,2004,Soundtracks
146,Alice's Theme,Danny Elfman,Alice In Wonderland (Soundtrack from the Motion Picture),1,2010,Soundtracks
147,Little Alice,Danny Elfman,Alice In Wonderland (Soundtrack from the Motion Picture),2,2010,Soundtracks
148,Proposal / Down the Hole,Danny Elfman,Alice In Wonderland (Soundtrack from the Motion Picture),3,2010,Soundtracks
149,Doors,Danny Elfman,Alice In Wonderland (Soundtrack from the Motion Picture),4,2010,Soundtracks
﻿150,Drink Me,Danny Elfman,Alice In Wonderland (Soundtrack from the Motion Picture),5,2010,Soundtracks
151,Into the Garden,Danny Elfman,Alice In Wonderland (Soundtrack from the Motion Picture),6,2010,Soundtracks
152,Alice Reprise #1,Danny Elfman,Alice In Wonderland (Soundtrack from the Motion Picture),7,2010,Soundtracks
153,Bandersnatched,Danny Elfman,Alice In Wonderland (Soundtrack from the Motion Picture),8,2010,Soundtracks
154,Finding Absolem,Danny Elfman,Alice In Wonderland (Soundtrack from the Motion Picture),9,2010,Soundtracks
155,Alice Reprise #2,Danny Elfman,Alice In Wonderland (Soundtrack from the Motion Picture),10,2010,Soundtracks
156,The Cheshire Cat,Danny Elfman,Alice In Wonderland (Soundtrack from the Motion Picture),11,2010,Soundtracks
157,Alice and Bayard's Journey,Danny Elfman,Alice In Wonderland (Soundtrack from the Motion Picture),12,2010,Soundtracks
158,Alice Reprise #3,Danny Elfman,Alice In Wonderland (Soundtrack from the Motion Picture),13,2010,Soundtracks
159,Alice Escapes,Danny Elfman,Alice In Wonderland (Soundtrack from the Motion Picture),14,2010,Soundtracks
160,The White Queen,Danny Elfman,Alice In Wonderland (Soundtrack from the Motion Picture),15,2010,Soundtracks
161,Only a Dream,Danny Elfman,Alice In Wonderland (Soundtrack from the Motion Picture),16,2010,Soundtracks
162,The Dungeon,Danny Elfman,Alice In Wonderland (Soundtrack from the Motion Picture),17,2010,Soundtracks
163,Alice Decides,Danny Elfman,Alice In Wonderland (Soundtrack from the Motion Picture),18,2010,Soundtracks
164,Alice Reprise #4,Danny Elfman,Alice In Wonderland (Soundtrack from the Motion Picture),19,2010,Soundtracks
165,Going to Battle,Danny Elfman,Alice In Wonderland (Soundtrack from the Motion Picture),20,2010,Soundtracks
166,The Final Confrontation,Danny Elfman,Alice In Wonderland (Soundtrack from the Motion Picture),21,2010,Soundtracks
167,Blood of the Jabberwocky,Danny Elfman,Alice In Wonderland (Soundtrack from the Motion Picture),22,2010,Soundtracks
168,Alice Returns,Danny Elfman,Alice In Wonderland (Soundtrack from the Motion Picture),23,2010,Soundtracks
169,Alice Reprise #5,Danny Elfman,Alice In Wonderland (Soundtrack from the Motion Picture),24,2010,Soundtracks
170,Yılan,Demet Akalın & Ersay Uner,Giderli 16,2,2012,Pop
171,Yaz Gazeteci,Derdiyoklar,Istanbul 70 - Psych, Disco, Folk Classics,2,2012,Weltmusik
172,Six Blade Knife,Dire Straits,Desperado (The Soundtrack),2,1995,Pop
173,My Boy,Duffy,Endlessly,1,2010,Pop
174,Too Hurt to Dance,Duffy,Endlessly,2,2010,Pop
175,Keeping My Baby,Duffy,Endlessly,3,2010,Pop
176,Well, Well, Well,Duffy,Endlessly,4,2010,Pop
177,Don't Forsake Me,Duffy,Endlessly,5,2010,Pop
178,Endlessly,Duffy,Endlessly,6,2010,Pop
179,Breath Away,Duffy,Endlessly,7,2010,Pop
180,Lovestruck,Duffy,Endlessly,8,2010,Pop
181,Girl,Duffy,Endlessly,9,2010,Pop
182,Hard for the Heart,Duffy,Endlessly,10,2010,Pop
183,Track By Track,Duffy,Endlessly,11,2010,Pop
184,Hotel California,Eagles,Hotel California,1,1976,Rock
185,Ayrilik,Edip Akbayram & Dostlar,Istanbul 70 - Psych, Disco, Folk Classics,3,2012,Weltmusik
186,White Rabbit,Emilíana Torrini,Sucker Punch (Original Motion Picture Soundtrack),3,2011,Soundtracks
187,Sweet Dreams (Are Made of This),Emily Browning,Sucker Punch (Original Motion Picture Soundtrack),1,2011,Soundtracks
188,Asleep,Emily Browning,Sucker Punch (Original Motion Picture Soundtrack),8,2011,Soundtracks
189,Il Tramonto,Ennio Morricone,Kill Bill, Vol. 2 (Original Soundtrack),3,2004,Soundtracks
190,"L'Arena (From ""Il Mercenario"")",Ennio Morricone,Kill Bill, Vol. 2 (Original Soundtrack),9,2004,Soundtracks
191,A Silhouette of Doom,Ennio Morricone,Kill Bill, Vol. 2 (Original Soundtrack),11,2004,Soundtracks
192,Tövbe,Ercan Turgut,45'lik,15,2009,Weltmusik
193,Aşk Bende Ağır Artık,Ercüneyt Özdemir,Ya Sonra,3,2011,Türkisch
194,Cemalim,Erkin Koray,Istanbul 70 - Psych, Disco, Folk Classics,12,2012,Weltmusik
195,Gelde Yanma,Erol Evgin,45'lik,12,2009,Weltmusik
196,Acılar Sürekli Olamaz,Ersan Erdura,45'lik,14,2009,Weltmusik
197,Derman Bulunmaz,Ersen & Dadaslar,Istanbul 70 - Psych, Disco, Folk Classics,4,2012,Weltmusik
198,Ayrilik Olsa Bile,Esmeray,Istanbul 70 - Psych, Disco, Folk Classics,5,2012,Weltmusik
199,Like a G6 (feat. The Cataracs & Dev),Far East Movement,Like a G6 (German Remixes Version) [feat. Cataracs & Dev],1,2010,Pop
﻿200,Rocketeer (feat. Ryan Tedder),Far East Movement & Ryan Tedder,Rocketeer (feat. Ryan Tedder) - Single,1,2010,Pop
201,Labirent,Faruk Ceviz,Ya Sonra,15,2011,Türkisch
202,Waiting for a Train,Flash and the Pan,Collection,4,1994,Alternative
203,Wovon Sollen Wir Träumen,FRIDA GOLD,Wovon sollen wir träumen (Deluxe Version) - EP,1,2011,Pop
204,Zeig mir wie du tanzt (Radio Edit),FRIDA GOLD,Zeig mir wie du tanzt (Premium Version) - EP,1,2010,Pop
205,Affetmem,Funda,45'lik,5,2009,Weltmusik
206,Intoxication,Gentleman,Confidence,4,2004,Reggae
207,Intro by The Evolution (Summerjam Live),Gentleman & The Evolution,Diversity Live (Special Version),1,2011,Reggae
208,Distant Away (Summerjam Live),Gentleman & The Evolution,Diversity Live (Special Version),2,2011,Reggae
209,Good Old Days (Summerjam Live),Gentleman & The Evolution,Diversity Live (Special Version),3,2011,Reggae
210,Blessings of Jah (Summerjam Live),Gentleman & The Evolution,Diversity Live (Special Version),4,2011,Reggae
211,Different Places (Summerjam Live),Gentleman & The Evolution,Diversity Live (Special Version),5,2011,Reggae
212,I Got to Go (Summerjam Live),Gentleman & The Evolution,Diversity Live (Special Version),6,2011,Reggae
213,Love Chant (Summerjam Live),Gentleman & The Evolution,Diversity Live (Special Version),7,2011,Reggae
214,Celebration (Summerjam Live),Gentleman & The Evolution,Diversity Live (Special Version),8,2011,Reggae
215,Jah Ina Yuh Life (Summerjam Live),Gentleman & The Evolution,Diversity Live (Special Version),9,2011,Reggae
216,Bridge Over Wall (Summerjam Live),Gentleman & The Evolution,Diversity Live (Special Version),10,2011,Reggae
217,Ina Time Like Now (Summerjam Live),Gentleman & The Evolution,Diversity Live (Special Version),12,2011,Reggae
218,Lonely Days (Summerjam Live),Gentleman & The Evolution,Diversity Live (Special Version),13,2011,Reggae
219,Changes (Summerjam Live),Gentleman & The Evolution,Diversity Live (Special Version),14,2011,Reggae
220,Fast Forward (Summerjam Live),Gentleman & The Evolution,Diversity Live (Special Version),15,2011,Reggae
221,Intoxication (Summerjam Live),Gentleman & The Evolution,Diversity Live (Special Version),16,2011,Reggae
222,Serenity (Summerjam Live),Gentleman & The Evolution,Diversity Live (Special Version),17,2011,Reggae
223,Jah Love (Summerjam Live),Gentleman & The Evolution,Diversity Live (Special Version),18,2011,Reggae
224,Superior (Summerjam Live),Gentleman & The Evolution,Diversity Live (Special Version),19,2011,Reggae
225,Hold On Strong (Summerjam Live),Gentleman & The Evolution,Diversity Live (Special Version),1,2011,Reggae
226,To the Top (Summerjam Live),Gentleman & The Evolution,Diversity Live (Special Version),2,2011,Reggae
227,Runaway (Summerjam Live),Gentleman & The Evolution,Diversity Live (Special Version),3,2011,Reggae
228,The Finish Line (Summerjam Live),Gentleman & The Evolution,Diversity Live (Special Version),4,2011,Reggae
229,No Time to Play (Summerjam Live),Gentleman & The Evolution,Diversity Live (Special Version),5,2011,Reggae
230,Another Melody (Summerjam Live),Gentleman & The Evolution,Diversity Live (Special Version),6,2011,Reggae
231,Face Off (Summerjam Live),Gentleman & The Evolution,Diversity Live (Special Version),7,2011,Reggae
232,It No Pretty (Summerjam Live),Gentleman & The Evolution,Diversity Live (Special Version),8,2011,Reggae
233,Dem Gone (Summerjam Live),Gentleman & The Evolution,Diversity Live (Special Version),9,2011,Reggae
234,Leave Us Alone (Summerjam Live),Gentleman & The Evolution,Diversity Live (Special Version),10,2011,Reggae
235,Nothin' a Change (Summerjam Live),Gentleman & The Evolution,Diversity Live (Special Version),11,2011,Reggae
236,I Got to Go,Gentleman & The Evolution,Diversity Live (Special Version),1,2011,Reggae
237,Intoxication,Gentleman & The Evolution,Diversity Live (Special Version),2,2011,Reggae
238,Superior,Gentleman & The Evolution,Diversity Live (Special Version),3,2011,Reggae
239,To the Top,Gentleman & The Evolution,Diversity Live (Special Version),4,2011,Reggae
240,Runaway,Gentleman & The Evolution,Diversity Live (Special Version),5,2011,Reggae
241,Acıyor,Göksel,Bende Bi' Aşk Var,1,2012,Pop
242,Aşkın Yalanmış,Göksel,Bende Bi' Aşk Var,2,2012,Pop
243,Rüzgar,Göksel,Bende Bi' Aşk Var,3,2012,Pop
244,Uzaktan,Göksel,Bende Bi' Aşk Var,4,2012,Pop
245,Aşk Bitti,Göksel,Bende Bi' Aşk Var,5,2012,Pop
246,Unuttun mu Sahi,Göksel,Bende Bi' Aşk Var,6,2012,Pop
247,Sarhoş,Göksel,Bende Bi' Aşk Var,7,2012,Pop
248,Gidemiyorum,Göksel,Bende Bi' Aşk Var,8,2012,Pop
249,Yalnız Kuş,Göksel,Bende Bi' Aşk Var,9,2012,Pop
﻿250,Yarım Kalan Şarkı,Göksel,Bende Bi' Aşk Var,10,2012,Pop
251,Çalsın Sazlar,Gönül Yazar,45'lik,16,2009,Weltmusik
252,Yalnızlığın Çaresini Bulmuşlar,Gripin,Yalnızlığın Çaresini Bulmuşlar,1,2012,Pop
253,Akşam Olur Karanlığa Kalırsın (Sevdalı Gelin / Oy Gelin),Gülay,Dalgalar,7,2006,Weltmusik
254,Gençlik Başımda Duman,Güzin İle Baha,45'lik,1,2009,Weltmusik
255,Benim Bolanlarım Var,Ibo,45'lik,9,2009,Weltmusik
256,Çok Aşığın Var Diyorlar,İncesaz,Iki / Eylül Sarkilari,1,2002,Weltmusik
257,Kaçsam Birakip,Incesaz & Dilek Türkan,Incesaz 4 - Mazi Kalbimde,13,2005,Weltmusik
258,Bu Aşk Fazla Sana (feat. Teoman),İskender Paydaş,Zamansız Şarkılar,1,2011,Türkisch
259,Nasıl Yani (feat. Mirkelam - Atiye),İskender Paydaş,Zamansız Şarkılar,2,2011,Türkisch
260,Sensiz Olmaz Ki (feat. Mustafa Ceceli),İskender Paydaş,Zamansız Şarkılar,3,2011,Türkisch
261,Kar Beyaz (feat. Kerim Tekin - İrem Candar),İskender Paydaş,Zamansız Şarkılar,4,2011,Türkisch
262,Dr. (feat. Kenan Doğulu),İskender Paydaş,Zamansız Şarkılar,5,2011,Türkisch
263,Tavla (feat. Doa- Özgün),İskender Paydaş,Zamansız Şarkılar,6,2011,Türkisch
264,Yeni Aşk (feat. Yılmaz Kömürcü),İskender Paydaş,Zamansız Şarkılar,7,2011,Türkisch
265,Arap Saçı (feat. Pelin Yılmaz),İskender Paydaş,Zamansız Şarkılar,8,2011,Türkisch
266,Batsın Bu Dünya (feat. BBD Korosu),İskender Paydaş,Zamansız Şarkılar,9,2011,Türkisch
267,Kartal Dağı,İskender Paydaş,Zamansız Şarkılar,10,2011,Türkisch
268,Pump up Medley (Live),Jan Delay,Wir Kinder vom Bahnhof Soul (Live),12,2010,Pop
269,Satisfied Mind,Johnny Cash,Kill Bill, Vol. 2 (Original Soundtrack),10,2004,Soundtracks
270,Süchtig (Single Version),Juli,Süchtig (Special Version) - Single,1,2011,Pop
271,Ikimiz Bir Fidaniz,Kamuran Akkor,Istanbul 70 - Psych, Disco, Folk Classics,6,2012,Weltmusik
272,Çilli,Kenan,45'lik,4,2009,Weltmusik
273,Sonnentanz (Original Version),Klangkarussell,Sonnentanz (Remixes) - EP,1,2012,Dance
274,Thé à la menthe (The Laser Dance Version),La Caution,Thé à la menthe (The Laser Dance Song) - EP,1,2008,Electronic
275,Kendi Düşen Ağlamaz,Lale Belkıs,45'lik,7,2009,Weltmusik
276,Manifold de Amour,Latin Playboys,Desperado (The Soundtrack),4,1995,Pop
277,Forever Night Shade Mary,Latin Playboys,Desperado (The Soundtrack),5,1995,Pop
278,Good News,Lena,Good News,1,2011,Pop
279,What Happened to Me,Lena,Good News,2,2011,Pop
280,A Million and One,Lena,Good News,3,2011,Pop
281,Maybe,Lena,Good News,4,2011,Pop
282,I Like You,Lena,Good News,5,2011,Pop
283,Mama Told Me,Lena,Good News,6,2011,Pop
284,Push Forward,Lena,Good News,7,2011,Pop
285,A Good Day,Lena,Good News,8,2011,Pop
286,Taken By a Stranger,Lena,Good News,9,2011,Pop
287,Teenage Girls,Lena,Good News,10,2011,Pop
288,That Again,Lena,Good News,11,2011,Pop
289,At All,Lena,Good News,12,2011,Pop
290,Jack the Ripper,Link Wray,Desperado (The Soundtrack),3,1995,Pop
291,Tu Mira,Lole y Manuel,Kill Bill, Vol. 2 (Original Soundtrack),5,2004,Soundtracks
292,Mal Bicho,Los Fabulosos Cadillacs,Los Fabulosos Cadillacs: Originales - 20 Exitos,6,1990,Alternative und Latin-Rock
293,Cancion del Mariachi (Morena de Mi Corazon),Los Lobos,Desperado (The Soundtrack),1,1995,Pop
294,Bar Fight,Los Lobos,Desperado (The Soundtrack),7,1995,Pop
295,Bucho's Gracias / Navajas Attacks,Los Lobos,Desperado (The Soundtrack),9,1995,Pop
296,Bulletproof,Los Lobos,Desperado (The Soundtrack),10,1995,Pop
297,Rooftop Action,Los Lobos,Desperado (The Soundtrack),13,1995,Pop
298,Phone Call,Los Lobos,Desperado (The Soundtrack),14,1995,Pop
299,Let Love Reign,Los Lobos,Desperado (The Soundtrack),17,1995,Pop
﻿300,Mariachi Suite,Los Lobos,Desperado (The Soundtrack),18,1995,Pop
301,Summertime Killer (Ricatto Alla Malla),Luis Bacalov,Kill Bill, Vol. 2 (Original Soundtrack),6,2004,Soundtracks
302,About Her,Malcolm McLaren,Kill Bill, Vol. 2 (Original Soundtrack),12,2004,Soundtracks
303,Beautiful Soul by Mamadee (Summerjam Live),Mamadee & The Evolution,Diversity Live (Special Version),20,2011,Reggae
304,Long Before Rock 'N Roll (Live) [MTV Unplugged],Mando Diao,MTV Unplugged - Above and Beyond: Mando Diao (Special Edition),1,2010,Rock
305,Sheepdog (Live) [MTV Unplugged],Mando Diao,MTV Unplugged - Above and Beyond: Mando Diao (Special Edition),2,2010,Rock
306,Losing My Mind (Live) [MTV Unplugged],Mando Diao,MTV Unplugged - Above and Beyond: Mando Diao (Special Edition),3,2010,Rock
307,Chet Baker (Live) [MTV Unplugged],Mando Diao,MTV Unplugged - Above and Beyond: Mando Diao (Special Edition),4,2010,Rock
308,Gloria (Live) [MTV Unplugged],Mando Diao,MTV Unplugged - Above and Beyond: Mando Diao (Special Edition),5,2010,Rock
309,Song for Aberdeen (Live) [MTV Unplugged],Mando Diao,MTV Unplugged - Above and Beyond: Mando Diao (Special Edition),6,2010,Rock
310,All My Senses (Live) [MTV Unplugged],Mando Diao,MTV Unplugged - Above and Beyond: Mando Diao (Special Edition),7,2010,Rock
311,Dance With Somebody (Live) [MTV Unplugged],Mando Diao,MTV Unplugged - Above and Beyond: Mando Diao (Special Edition),8,2010,Rock
312,High Heels (Live) [MTV Unplugged],Mando Diao,MTV Unplugged - Above and Beyond: Mando Diao (Special Edition),9,2010,Rock
313,Down In the Past (Live) [MTV Unplugged],Mando Diao,MTV Unplugged - Above and Beyond: Mando Diao (Special Edition),10,2010,Rock
314,How We Walk (Live) [MTV Unplugged],Mando Diao,MTV Unplugged - Above and Beyond: Mando Diao (Special Edition),11,2010,Rock
315,No More Tears (Live) [MTV Unplugged],Mando Diao,MTV Unplugged - Above and Beyond: Mando Diao (Special Edition),12,2010,Rock
316,You Can't Steal My Love (Live) [MTV Unplugged],Mando Diao,MTV Unplugged - Above and Beyond: Mando Diao (Special Edition),13,2010,Rock
317,Ochrasy (Live) [MTV Unplugged],Mando Diao,MTV Unplugged - Above and Beyond: Mando Diao (Special Edition),14,2010,Rock
318,The New Boy (Live) [MTV Unplugged],Mando Diao,MTV Unplugged - Above and Beyond: Mando Diao (Special Edition),15,2010,Rock
319,Ringing Bells (Live) [MTV Unplugged],Mando Diao,MTV Unplugged - Above and Beyond: Mando Diao (Special Edition),16,2010,Rock
320,Mean Street (Live) [MTV Unplugged],Mando Diao,MTV Unplugged - Above and Beyond: Mando Diao (Special Edition),17,2010,Rock
321,Your Lover's Nerve (Live) [MTV Unplugged],Mando Diao,MTV Unplugged - Above and Beyond: Mando Diao (Special Edition),18,2010,Rock
322,Mr. Moon (Live) [MTV Unplugged],Mando Diao,MTV Unplugged - Above and Beyond: Mando Diao (Special Edition),19,2010,Rock
323,Hail the Sunny Days (Live) [MTV Unplugged],Mando Diao,MTV Unplugged - Above and Beyond: Mando Diao (Special Edition),20,2010,Rock
324,Victoria,Mando Diao,MTV Unplugged - Above and Beyond: Mando Diao (Special Edition),21,2010,Rock
325,Bleecker Street,Mando Diao,MTV Unplugged - Above and Beyond: Mando Diao (Special Edition),22,2010,Rock
326,If I Don't Live Today, Then I Might Be Here Tomorrow (Live) [MTV Unplugged],Mando Diao,MTV Unplugged - Above and Beyond: Mando Diao (Special Edition),23,2010,Rock
327,God Knows (Live) [MTV Unplugged],Mando Diao,MTV Unplugged - Above and Beyond: Mando Diao (Special Edition),24,2010,Rock
328,Down In the Past,Mando Diao,MTV Unplugged - Above and Beyond: Mando Diao (Special Edition),25,2010,Rock
329,Mando Diao,Mando Diao,MTV Unplugged - Above and Beyond: Mando Diao (Special Edition),26,2010,Rock
330,Me Gustas Tú,Manu Chao,Proxima Estacion: Esperanza,6,2001,Alternative und Latin-Rock
331,All I Want for Christmas Is You,Mariah Carey,Best Of Christmas – Die Hit Giganten,7,2011,Musik zum Fest
332,High On Your Love,Max Mutzke,Home Work Soul (Premium Version),1,2010,Pop
333,"Urami Bushi (Includes Hidden Track ""Black Mamba"")",Meiko Kaji,Kill Bill, Vol. 2 (Original Soundtrack),15,2004,Soundtracks
334,Senden Başka Kimim Var Ki,Meral - Zuhal,45'lik,11,2009,Weltmusik
335,Hungriges Herz,MIA.,Stille Post,3,1997,Rock
336,Feeling Good (Live from Madison Square Garden),Michael Bublé,A Holiday Gift for You - EP,1,2010,Pop
337,Everything (Live from Madison Square Garden),Michael Bublé,A Holiday Gift for You - EP,2,2010,Pop
338,Mack the Knife,Michael Bublé,A Holiday Gift for You - EP,3,2010,Pop
339,Orange Colored Sky,Michael Bublé,A Holiday Gift for You - EP,4,2010,Pop
340,"Tubular Bells (From ""The Exorcist"")",Mike Oldfield,Tubular Bells (Deluxe Version),3,1973,New Age
341,Tubular Bells, Pt. 1 (New Stereo Mix),Mike Oldfield,Tubular Bells (Remastered),1,1973,New Age
342,Tubular Bells, Pt. 2 (New Stereo Mix),Mike Oldfield,Tubular Bells (Remastered),2,1973,New Age
343,Mike Oldfield's Single (Theme from Tubular Bells),Mike Oldfield,Tubular Bells (Remastered),3,1973,New Age
344,Sailor's Hornpipe (Viv Stanshall Version),Mike Oldfield,Tubular Bells (Remastered),4,1973,New Age
345,Muzik Mogollar,Moğollar,Istanbul 70 - Psych, Disco, Folk Classics,7,2012,Weltmusik
346,Sensiz Olmaz,Müslüm Gürses,Neredesin Firuze,7,2004,Weltmusik
347,Hal Hal,Nazan Şoray,Istanbul 70 - Psych, Disco, Folk Classics,8,2012,Weltmusik
348,Teselliye Sen Gerek,Nazan Şoray,Istanbul 70 - Psych, Disco, Folk Classics,14,2012,Weltmusik
349,Pam Pam,Ñeco,45'lik,2,2009,Weltmusik
﻿350,Birisine Birisine,Nil Burak,45'lik,8,2009,Weltmusik
351,Death,Nneka,No Longer At Ease (Bonus Track Edition),1,2008,R&B/Soul
352,Heartbeat,Nneka,No Longer At Ease (Bonus Track Edition),2,2008,R&B/Soul
353,Mind vs. Heart,Nneka,No Longer At Ease (Bonus Track Edition),3,2008,R&B/Soul
354,Suffri,Nneka,No Longer At Ease (Bonus Track Edition),4,2008,R&B/Soul
355,Come With Me,Nneka,No Longer At Ease (Bonus Track Edition),5,2008,R&B/Soul
356,Gypsy,Nneka,No Longer At Ease (Bonus Track Edition),6,2008,R&B/Soul
357,Halfcast,Nneka,No Longer At Ease (Bonus Track Edition),7,2008,R&B/Soul
358,Something to Say,Nneka,No Longer At Ease (Bonus Track Edition),8,2008,R&B/Soul
359,Streets Lack Love,Nneka,No Longer At Ease (Bonus Track Edition),9,2008,R&B/Soul
360,Niger Delta,Nneka,No Longer At Ease (Bonus Track Edition),10,2008,R&B/Soul
361,From Africa 4 U,Nneka,No Longer At Ease (Bonus Track Edition),11,2008,R&B/Soul
362,Running Away,Nneka,No Longer At Ease (Bonus Track Edition),12,2008,R&B/Soul
363,Focus,Nneka,No Longer At Ease (Bonus Track Edition),13,2008,R&B/Soul
364,Kangpe,Nneka,No Longer At Ease (Bonus Track Edition),14,2008,R&B/Soul
365,Deadly Combination,Nneka,No Longer At Ease (Bonus Track Edition),15,2008,R&B/Soul
366,Say Sorry,Oceana,My House,6,2012,Pop
367,Mariachi vs. Marquez,Once Upon a Time in Mexico,Once Upon a Time In Mexico (Original Soundtrack),11,2003,Soundtracks
368,Gaybana Geceler,Onur Akin,Onur Akın`dan Yüreklere Yazılanlar,3,2007,Weltmusik
369,Hayat Kavgasi,Orhan Gencebay,Istanbul 70 - Psych, Disco, Folk Classics,9,2012,Weltmusik
370,Kalp Yarası,Özcan Deniz,Sevdazede,4,2009,Weltmusik
371,Hayat Arkadaşım,Özcan Deniz,Ya Sonra,2,2011,Türkisch
372,Seni Kimler Aldı (Remix),Özcan Deniz,Ya Sonra,8,2011,Türkisch
373,Ya Sonra,Özcan Deniz & Deniz Çakır,Ya Sonra,1,2011,Türkisch
374,Solamente Tú,Pablo Alborán,Pablo Alborán,1,2011,Pop auf Spanisch
375,Bada Bing Bada Boom,Passionata,Bada Bing Bada Boom,1,2008,Pop
376,I Want It All / We Will Rock You Mash-Up,Queen,Sucker Punch (Original Motion Picture Soundtrack),4,2011,Soundtracks
377,S&M,Rihanna,Loud,1,2010,R&B/Soul
378,Man Down,Rihanna,Loud,7,2010,R&B/Soul
379,Diamonds,Rihanna,Unapologetic (Deluxe Version),2,2012,Pop
380,Pass the Hatchet,Roger & The Gypsies,Desperado (The Soundtrack),6,1995,Pop
381,Nicht artgerecht (Live),Roger Cicero,iTunes Live aus München - EP,1,2010,Pop
382,Wenn sie dich fragt (Live),Roger Cicero,iTunes Live aus München - EP,2,2010,Pop
383,Spontis zeugen Banker (Live),Roger Cicero,iTunes Live aus München - EP,3,2010,Pop
384,Tabu (Live),Roger Cicero,iTunes Live aus München - EP,4,2010,Pop
385,Wenn ich dich los wär (Live),Roger Cicero,iTunes Live aus München - EP,5,2010,Pop
386,Magica Melodia,Rondò Veneziano,The Very Best of Rondò Veneziano,3,1999,Unterhaltungsmusik
387,Quedate Aqui,Salma Hayek,Desperado (The Soundtrack),12,1995,Pop
388,Molotov,Seeed,Molotov / Wonderful Life - Single,1,2011,Reggae
389,Wonderful Life,Seeed,Molotov / Wonderful Life - Single,2,2011,Reggae
390,Dalkavuk (Baris K Edit) [Bonus Track],Senay,Istanbul 70 - Psych, Disco, Folk Classics,16,2012,Weltmusik
391,Açık Adres ( 2. Versiyon ),Sertab Erener,Açık Adres,2,2009,Weltmusik
392,Bu Böyle (Mustafa Ceceli Version),Sertab Erener,Bu Böyle,1,2009,Weltmusik
393,Bu Böyle (Alper Erinç - Akustik Version),Sertab Erener,Bu Böyle,2,2009,Weltmusik
394,Bu Böyle (Alper Erinç Version),Sertab Erener,Bu Böyle,3,2009,Weltmusik
395,Bu Böyle (Hakan Özer Version),Sertab Erener,Bu Böyle,4,2009,Weltmusik
396,Bu Böyle (Murat Uncuoğlu & Emre Dündar - Remix),Sertab Erener,Bu Böyle,5,2009,Weltmusik
397,Nem Kaldi,Seyhan Karabay,Istanbul 70 - Psych, Disco, Folk Classics,10,2012,Weltmusik
398,IKILI DELILIK,SEZEN AKSU,BAHANE,6,2005,Pop
399,Deliveren,Sezen Aksu,Deliveren,1,2001,Pop
﻿400,Oh Oh,Sezen Aksu,Deliveren,2,2001,Pop
401,Kahpe Kader,Sezen Aksu,Deliveren,3,2001,Pop
402,Keskin Biçak,Sezen Aksu,Deliveren,4,2001,Pop
403,Rumeli Havasi,Sezen Aksu,Deliveren,5,2001,Pop
404,Gidiyorum Bu Sehirden,Sezen Aksu,Deliveren,6,2001,Pop
405,O-kudum-da,Sezen Aksu,Deliveren,7,2001,Pop
406,Yine Mi Çiçek,Sezen Aksu,Deliveren,8,2001,Pop
407,Hos Geldin,Sezen Aksu,Deliveren,9,2001,Pop
408,Sari Odalar,Sezen Aksu,Deliveren,10,2001,Pop
409,Yalanci Dünya,Sezen Aksu,Deliveren,11,2001,Pop
410,Hayat Sana Tesekkür Ederim,Sezen Aksu,Deliveren,12,2001,Pop
411,ISIK DOGUDAN YUKSELIR,Sezen Aksu,ISIK DOGUDAN YUKSELIR,1,2006,Weltmusik
412,DAVET,Sezen Aksu,ISIK DOGUDAN YUKSELIR,2,2006,Weltmusik
413,SON SARDUNYALAR,Sezen Aksu,ISIK DOGUDAN YUKSELIR,3,2006,Weltmusik
414,ALATURKA,Sezen Aksu,ISIK DOGUDAN YUKSELIR,4,2006,Weltmusik
415,YAKTILAR HALİM İMİ,Sezen Aksu,ISIK DOGUDAN YUKSELIR,5,2006,Weltmusik
416,RAKKAS,Sezen Aksu,ISIK DOGUDAN YUKSELIR,6,2006,Weltmusik
417,ONU ALMA BENI AL,Sezen Aksu,ISIK DOGUDAN YUKSELIR,7,2006,Weltmusik
418,YENILIGE DOGRU,Sezen Aksu,ISIK DOGUDAN YUKSELIR,8,2006,Weltmusik
419,NE AGLARSIN,Sezen Aksu,ISIK DOGUDAN YUKSELIR,9,2006,Weltmusik
420,BEN ANNEMI ISTERIM,Sezen Aksu,ISIK DOGUDAN YUKSELIR,10,2006,Weltmusik
421,VAR GIT TURNAM,Sezen Aksu,ISIK DOGUDAN YUKSELIR,11,2006,Weltmusik
422,LA ILAHE ILLALLAH,Sezen Aksu,ISIK DOGUDAN YUKSELIR,12,2006,Weltmusik
423,Unuttun Mu Beni,Sezen Aksu,Öptüm,1,2011,Weltmusik
424,“Arkadaş” Şarkısını Duyunca,Sezen Aksu,Öptüm,2,2011,Weltmusik
425,Ballı,Sezen Aksu,Öptüm,3,2011,Weltmusik
426,Vay,Sezen Aksu,Öptüm,4,2011,Weltmusik
427,Ayar,Sezen Aksu,Öptüm,5,2011,Weltmusik
428,Sayım,Sezen Aksu,Öptüm,6,2011,Weltmusik
429,Acıtmışım Canını Sevdikçe,Sezen Aksu,Öptüm,7,2011,Weltmusik
430,Kaçırıcam Seni...,Sezen Aksu,Öptüm,8,2011,Weltmusik
431,Aşka Şükrederim,Sezen Aksu,Öptüm,9,2011,Weltmusik
432,Ah Felek Yordun Beni,Sezen Aksu,Öptüm,10,2011,Weltmusik
433,Seni Kimler Aldı,Sezen Aksu,Ya Sonra,4,2011,Türkisch
434,Unutamam,Sezen Aksu,Yürüyorum Düş Bahçelerinde,1,2009,Weltmusik
435,Uslanmadım,Sezen Aksu,Yürüyorum Düş Bahçelerinde,2,2009,Weltmusik
436,Pardon,Sezen Aksu,Yürüyorum Düş Bahçelerinde,3,2009,Weltmusik
437,La'l,Sezen Aksu,Yürüyorum Düş Bahçelerinde,4,2009,Weltmusik
438,Kaçak,Sezen Aksu,Yürüyorum Düş Bahçelerinde,5,2009,Weltmusik
439,Lale Devri,Sezen Aksu,Yürüyorum Düş Bahçelerinde,6,2009,Weltmusik
440,İzmir Yanıyor,Sezen Aksu,Yürüyorum Düş Bahçelerinde,7,2009,Weltmusik
441,Kaybedenler,Sezen Aksu,Yürüyorum Düş Bahçelerinde,8,2009,Weltmusik
442,Elveda,Sezen Aksu,Yürüyorum Düş Bahçelerinde,9,2009,Weltmusik
443,Tutunamadım,Sezen Aksu,Yürüyorum Düş Bahçelerinde,10,2009,Weltmusik
444,Kurşuni Renkler,Sezen Aksu,Yürüyorum Düş Bahçelerinde,11,2009,Weltmusik
445,Uçurtma Bayramları,Sezen Aksu,Yürüyorum Düş Bahçelerinde,12,2009,Weltmusik
446,Sorma,Sezen Aksu,Yürüyorum Düş Bahçelerinde,13,2009,Weltmusik
447,Takvim,Sezen Aksu,Yürüyorum Düş Bahçelerinde,14,2009,Weltmusik
448,Muhabbet Kuşları,Sezen Aksu,Yürüyorum Düş Bahçelerinde,15,2009,Weltmusik
449,İtirafçı Olma (Kıvanch K Version),Sezen Aksu,Yürüyorum Düş Bahçelerinde 2,1,2009,Weltmusik
﻿450,Bekleyelim de Görelim,Sezen Aksu,Yürüyorum Düş Bahçelerinde 2,2,2009,Weltmusik
451,Gelsin Hayat Bildiği Gibi,Sezen Aksu,Yürüyorum Düş Bahçelerinde 2,3,2009,Weltmusik
452,Kibir,Sezen Aksu,Yürüyorum Düş Bahçelerinde 2,4,2009,Weltmusik
453,Tören (Mithat Can Özer - Mustafa Ceceli Version),Sezen Aksu,Yürüyorum Düş Bahçelerinde 2,5,2009,Weltmusik
454,Yok ki,Sezen Aksu,Yürüyorum Düş Bahçelerinde 2,6,2009,Weltmusik
455,Çakkıdı,Sezen Aksu,Yürüyorum Düş Bahçelerinde 2,7,2009,Weltmusik
456,Anadilim Aşk,Sezen Aksu,Yürüyorum Düş Bahçelerinde 2,8,2009,Weltmusik
457,Bile Bile,Sezen Aksu,Yürüyorum Düş Bahçelerinde 2,9,2009,Weltmusik
458,Gidemem,Sezen Aksu,Yürüyorum Düş Bahçelerinde 2,10,2009,Weltmusik
459,Büklüm Büklüm,Sezen Aksu,Yürüyorum Düş Bahçelerinde 2,11,2009,Weltmusik
460,Söz Bitti,Sezen Aksu,Yürüyorum Düş Bahçelerinde 2,12,2009,Weltmusik
461,Tören (Aykut Gürel - Mithat Can Özer Version),Sezen Aksu,Yürüyorum Düş Bahçelerinde 2,13,2009,Weltmusik
462,İtirafçı Olma (Aykut Gürel - Mithatcan Özer Version),Sezen Aksu,Yürüyorum Düş Bahçelerinde 2,14,2009,Weltmusik
463,Goodnight Moon,Shivaree,Kill Bill, Vol. 2 (Original Soundtrack),2,2004,Soundtracks
464,En Doğru Zaman,Sıla,İmza,6,2010,Pop
465,Yoruldum,Sıla,İmza,10,2010,Pop
466,Vur Kadehi Ustam,Sıla,Konuşmadığımız Şeyler Var,12,2010,Pop
467,Search and Destroy,Skunk Anansie,Sucker Punch (Original Motion Picture Soundtrack),5,2011,Soundtracks
468,Black Hole Sun (Edit),Soundgarden,100 Essential Hits - 90s,10,2010,Pop
469,Needed You by Tamika (Summerjam Live),Tamika & The Evolution,Diversity Live (Special Version),11,2011,Reggae
470,Sevdanın Son Vuruşu,Tarkan,Adımı Kalbine Yaz,1,2010,Weltmusik
471,Acımayacak,Tarkan,Adımı Kalbine Yaz,2,2010,Weltmusik
472,İşim Olmaz,Tarkan,Adımı Kalbine Yaz,3,2010,Weltmusik
473,Kayıp,Tarkan,Adımı Kalbine Yaz,4,2010,Weltmusik
474,Öp,Tarkan,Adımı Kalbine Yaz,5,2010,Weltmusik
475,Adımı Kalbine Yaz,Tarkan,Adımı Kalbine Yaz,6,2010,Weltmusik
476,Sen Çoktan Gitmişsin,Tarkan,Adımı Kalbine Yaz,7,2010,Weltmusik
477,Usta - Çırak,Tarkan,Adımı Kalbine Yaz,8,2010,Weltmusik
478,Acımayacak (Gürcell Club Mix),Tarkan,Adımı Kalbine Yaz,9,2010,Weltmusik
479,Adımı Kalbine Yaz (Ozinga Club Mix),Tarkan,Adımı Kalbine Yaz,10,2010,Weltmusik
480,Sevdanın Son Vuruşu (Suat Ateşdağlı Mix),Tarkan,Adımı Kalbine Yaz,11,2010,Weltmusik
481,Öp (Gürcell Club Mix),Tarkan,Adımı Kalbine Yaz,12,2010,Weltmusik
482,Sevdanın Son Vuruşu (Kivanch K Mix),Tarkan,Adımı Kalbine Yaz,13,2010,Weltmusik
483,Rock This Party (Everybody Dance Now) [Original Preformed By Bob Sinclair] [Workout],The Allstars,"The Famous Abs & Ass Workout Megamix (Fitness, Cardio & Aerobic Session) ""Even 32 Counts""",8,2010,Dance
484,The Time (Dirty Bit),The Black Eyed Peas,The Beginning (Deluxe Version),1,2010,Pop
485,Light Up the Night,The Black Eyed Peas,The Beginning (Deluxe Version),2,2010,Pop
486,Love You Long Time,The Black Eyed Peas,The Beginning (Deluxe Version),3,2010,Pop
487,Xoxoxo,The Black Eyed Peas,The Beginning (Deluxe Version),4,2010,Pop
488,Someday,The Black Eyed Peas,The Beginning (Deluxe Version),5,2010,Pop
489,Whenever,The Black Eyed Peas,The Beginning (Deluxe Version),6,2010,Pop
490,Fashion Beats,The Black Eyed Peas,The Beginning (Deluxe Version),7,2010,Pop
491,Don’t Stop the Party,The Black Eyed Peas,The Beginning (Deluxe Version),8,2010,Pop
492,Do It Like This,The Black Eyed Peas,The Beginning (Deluxe Version),9,2010,Pop
493,The Situation,The Black Eyed Peas,The Beginning (Deluxe Version),10,2010,Pop
494,The Coming (Bonus Track),The Black Eyed Peas,The Beginning (Deluxe Version),11,2010,Pop
495,Own It (Bonus Track),The Black Eyed Peas,The Beginning (Deluxe Version),12,2010,Pop
496,The Best One Yet (The Boy) [Bonus Track],The Black Eyed Peas,The Beginning (Deluxe Version),13,2010,Pop
497,Just Can’t Get Enough,The Black Eyed Peas,The Beginning (Deluxe Version),14,2010,Pop
498,Play It Loud,The Black Eyed Peas,The Beginning (Deluxe Version),15,2010,Pop
499,Boom Boom Pow,The Black Eyed Peas,The E.N.D. (The Energy Never Dies) [Deluxe Version],1,2009,Pop
﻿500,Rock That Body,The Black Eyed Peas,The E.N.D. (The Energy Never Dies) [Deluxe Version],2,2009,Pop
501,Meet Me Halfway,The Black Eyed Peas,The E.N.D. (The Energy Never Dies) [Deluxe Version],3,2009,Pop
502,Imma Be,The Black Eyed Peas,The E.N.D. (The Energy Never Dies) [Deluxe Version],4,2009,Pop
503,I Gotta Feeling,The Black Eyed Peas,The E.N.D. (The Energy Never Dies) [Deluxe Version],5,2009,Pop
504,Alive,The Black Eyed Peas,The E.N.D. (The Energy Never Dies) [Deluxe Version],6,2009,Pop
505,Missing You,The Black Eyed Peas,The E.N.D. (The Energy Never Dies) [Deluxe Version],7,2009,Pop
506,Ring-A-Ling,The Black Eyed Peas,The E.N.D. (The Energy Never Dies) [Deluxe Version],8,2009,Pop
507,Party All the Time,The Black Eyed Peas,The E.N.D. (The Energy Never Dies) [Deluxe Version],9,2009,Pop
508,Out of My Head,The Black Eyed Peas,The E.N.D. (The Energy Never Dies) [Deluxe Version],10,2009,Pop
509,Electric City,The Black Eyed Peas,The E.N.D. (The Energy Never Dies) [Deluxe Version],11,2009,Pop
510,Showdown,The Black Eyed Peas,The E.N.D. (The Energy Never Dies) [Deluxe Version],12,2009,Pop
511,Now Generation,The Black Eyed Peas,The E.N.D. (The Energy Never Dies) [Deluxe Version],13,2009,Pop
512,One Tribe,The Black Eyed Peas,The E.N.D. (The Energy Never Dies) [Deluxe Version],14,2009,Pop
513,Rockin to the Beat,The Black Eyed Peas,The E.N.D. (The Energy Never Dies) [Deluxe Version],15,2009,Pop
514,Where Ya Wanna Go (New Version) [Bonus Track],The Black Eyed Peas,The E.N.D. (The Energy Never Dies) [Deluxe Version],1,2009,Pop
515,Simple Little Melody (Bonus Track),The Black Eyed Peas,The E.N.D. (The Energy Never Dies) [Deluxe Version],2,2009,Pop
516,Mare (Bonus Track),The Black Eyed Peas,The E.N.D. (The Energy Never Dies) [Deluxe Version],3,2009,Pop
517,Don't Bring Me Down (Bonus Track),The Black Eyed Peas,The E.N.D. (The Energy Never Dies) [Deluxe Version],4,2009,Pop
518,Pump It Harder (Bonus Track),The Black Eyed Peas,The E.N.D. (The Energy Never Dies) [Deluxe Version],5,2009,Pop
519,Let's Get Re-Started (Bonus Track),The Black Eyed Peas,The E.N.D. (The Energy Never Dies) [Deluxe Version],6,2009,Pop
520,Shut the Phunk Up (New Version) [Bonus Track],The Black Eyed Peas,The E.N.D. (The Energy Never Dies) [Deluxe Version],7,2009,Pop
521,That's the Joint (Bonus Track),The Black Eyed Peas,The E.N.D. (The Energy Never Dies) [Deluxe Version],8,2009,Pop
522,Another Weekend (Bonus Track),The Black Eyed Peas,The E.N.D. (The Energy Never Dies) [Deluxe Version],9,2009,Pop
523,Don't Phunk Around (Bonus Track),The Black Eyed Peas,The E.N.D. (The Energy Never Dies) [Deluxe Version],10,2009,Pop
524,Roxanne,The Police,The Very Best of Sting and the Police,17,1997,Rock
525,Strange Face of Love,Tito & Tarantula,Desperado (The Soundtrack),8,1995,Pop
526,White Train (Showdown),Tito & Tarantula,Desperado (The Soundtrack),15,1995,Pop
527,Back to the House That Love Built,Tito & Tarantula,Desperado (The Soundtrack),16,1995,Pop
528,Stop! Dimentica,Tiziano Ferro,Nessuno È Solo,4,2006,Pop
529,Addictive,Truth Hurts,Addictive - Single (Featuring Rakim),1,2002,Hip-Hop/Rap
530,Burcak Tarlasi,Tulay German Ve Doruk Onatkut Orkestrasi,Istanbul 70 - Psych, Disco, Folk Classics,11,2012,Weltmusik
531,The Miracle (Of Joey Ramone),U2,Songs of Innocence,1,2014,Rock
532,Every Breaking Wave,U2,Songs of Innocence,2,2014,Rock
533,California (There Is No End to Love),U2,Songs of Innocence,3,2014,Rock
534,Song for Someone,U2,Songs of Innocence,4,2014,Rock
535,Iris (Hold Me Close),U2,Songs of Innocence,5,2014,Rock
536,Volcano,U2,Songs of Innocence,6,2014,Rock
537,Raised By Wolves,U2,Songs of Innocence,7,2014,Rock
538,Cedarwood Road,U2,Songs of Innocence,8,2014,Rock
539,Sleep Like a Baby Tonight,U2,Songs of Innocence,9,2014,Rock
540,This Is Where You Can Reach Me Now,U2,Songs of Innocence,10,2014,Rock
541,The Troubles,U2,Songs of Innocence,11,2014,Rock
542,Hayırdır İnşallah,Uğur Akdora,45'lik,3,2009,Weltmusik
543,A Few Words from the Bride,Uma Thurman,Kill Bill, Vol. 2 (Original Soundtrack),1,2004,Soundtracks
544,The Chase,Unknown,Kill Bill, Vol. 2 (Original Soundtrack),7,2004,Soundtracks
545,The Legend of Pai Mei,Unknown,Kill Bill, Vol. 2 (Original Soundtrack),8,2004,Soundtracks
546,Truly and Utterly Bill,Unknown,Kill Bill, Vol. 2 (Original Soundtrack),13,2004,Soundtracks
547,Disko Kebap (Baris K Edit) [Bonus Track],Urfali Babi,Istanbul 70 - Psych, Disco, Folk Classics,15,2012,Weltmusik
548,Feel So Bad,Valentine,Ocean Full of Tears,2,2005,Rock
549,Gaip Arabesk,Various Artists,Neredesin Firuze,1,2004,Weltmusik
﻿550,Sarkilarin Büyücüsü,Various Artists,Neredesin Firuze,2,2004,Weltmusik
551,Ya Evde Yoksan,Various Artists,Neredesin Firuze,3,2004,Weltmusik
552,Kara Sevda,Various Artists,Neredesin Firuze,4,2004,Weltmusik
553,Sabir,Various Artists,Neredesin Firuze,5,2004,Weltmusik
554,Beni Affet,Various Artists,Neredesin Firuze,6,2004,Weltmusik
555,Maskeli Balo,Various Artists,Neredesin Firuze,8,2004,Weltmusik
556,Garip Yol,Various Artists,Neredesin Firuze,9,2004,Weltmusik
557,Itirazim Yok,Various Artists,Neredesin Firuze,10,2004,Weltmusik
558,Garip Arabesk,Various Artists,Neredesin Firuze,11,2004,Weltmusik
559,Ahirim Sensin,Various Artists,Neredesin Firuze,12,2004,Weltmusik
560,Çizdim,Various Artists,Neredesin Firuze,13,2004,Weltmusik
561,Törki Törki,Various Artists,Neredesin Firuze,14,2004,Weltmusik
562,Tavla,Various Artists,Neredesin Firuze,15,2004,Weltmusik
563,Yanlizim Dostlarim,Various Artists,Neredesin Firuze,16,2004,Weltmusik
564,Ayni Cemin Bülbülüyüm,Various Artists,Neredesin Firuze,17,2004,Weltmusik
565,Inleyen Nameler,Various Artists,Neredesin Firuze,18,2004,Weltmusik
566,Gaip Arabesk,Various Artists,Neredesin Firuze,19,2004,Weltmusik
567,N'olur N'olur N'olur,Yasemin Mori,Ya Sonra,6,2011,Türkisch
568,Deli Divane,Yeliz,En İyileriyle Yeliz,7,2012,Türkisch
569,Hoş Geldin Bahar,Yeliz,En İyileriyle Yeliz,12,2012,Türkisch
570,Yalan,Yeliz,45'lik,13,2009,Weltmusik
571,It's Only A Dream,Yıldıray Gürgen,Ya Sonra,7,2011,Türkisch
572,Fragman,Yıldıray Gürgen,Ya Sonra,9,2011,Türkisch
573,Piano Concerto 21,Yıldıray Gürgen,Ya Sonra,12,2011,Türkisch
574,Barınak,Yıldıray Gürgen,Ya Sonra,13,2011,Türkisch
575,Cem Funk,Yıldıray Gürgen,Ya Sonra,14,2011,Türkisch
576,Bana Göre Bir Hayvan,Yıldıray Gürgen,Ya Sonra,16,2011,Türkisch
577,Stadyum,Yıldıray Gürgen,Ya Sonra,17,2011,Türkisch
578,Canon,Yıldıray Gürgen,Ya Sonra,18,2011,Türkisch
579,Didem Beklemede,Yıldıray Gürgen,Ya Sonra,19,2011,Türkisch
580,Alev Alev Ayrılık,Yıldıray Gürgen,Ya Sonra,21,2011,Türkisch
581,Piliç Kızartma,Yıldıray Gürgen,Ya Sonra,22,2011,Türkisch
582,Kalp Kırığı,Yıldıray Gürgen,Ya Sonra,23,2011,Türkisch
583,Biz Beraberiz,Yıldıray Gürgen,Ya Sonra,24,2011,Türkisch
584,Uyanış,Yıldıray Gürgen,Ya Sonra,25,2011,Türkisch
585,Kovalama,Yıldıray Gürgen,Ya Sonra,26,2011,Türkisch
586,Kavuşma,Yıldıray Gürgen,Ya Sonra,27,2011,Türkisch
587,Where Is My Mind?,Yoav & Emily Browning,Sucker Punch (Original Motion Picture Soundtrack),7,2011,Soundtracks
588,Les passants,ZAZ,Zaz,1,2010,Französischer Pop
589,Je veux,ZAZ,Zaz,2,2010,Französischer Pop
590,Le long de la route,ZAZ,Zaz,3,2010,Französischer Pop
591,La fée,ZAZ,Zaz,4,2010,Französischer Pop
592,Trop sensible,ZAZ,Zaz,5,2010,Französischer Pop
593,Prends garde à ta langue,ZAZ,Zaz,6,2010,Französischer Pop
594,Ni oui ni non,ZAZ,Zaz,7,2010,Französischer Pop
595,Port coton,ZAZ,Zaz,8,2010,Französischer Pop
596,J'aime à nouveau,ZAZ,Zaz,9,2010,Französischer Pop
597,Dans ma rue,ZAZ,Zaz,10,2010,Französischer Pop
598,Éblouie par la nuit,ZAZ,Zaz,11,2010,Französischer Pop
599,Je veux,ZAZ,Zaz,12,2013,Pop
﻿600,Forest,Zoë Keating,Into the Trees,1,2010,Klassik
601,Escape Artist,Zoë Keating,Into the Trees,2,2010,Klassik
602,Optimist,Zoë Keating,Into the Trees,3,2010,Klassik
603,The Path,Zoë Keating,Into the Trees,4,2010,Klassik
604,Lost,Zoë Keating,Into the Trees,5,2010,Klassik
605,Hello Night,Zoë Keating,Into the Trees,6,2010,Klassik
606,Don't Worry,Zoë Keating,Into the Trees,7,2010,Klassik
607,Seven League Boots,Zoë Keating,Into the Trees,8,2010,Klassik
608,The Last Bird,Zoë Keating,Into the Trees,9,2010,Klassik
609,Flying & Flocking,Zoë Keating,Into the Trees,10,2010,Klassik
610,Optimist (Live),Zoë Keating,Into the Trees,11,2010,Klassik
611,Exurgency,Zoë Keating,One Cello x 16 (EP),1,2004,Klassik
612,Walking Man,Zoë Keating,One Cello x 16 (EP),2,2004,Klassik
613,Arrival,Zoë Keating,One Cello x 16 (EP),3,2004,Klassik
614,Updraught,Zoë Keating,One Cello x 16 (EP),4,2004,Klassik
615,Coda,Zoë Keating,One Cello x 16 (EP),5,2004,Klassik
616,Legions (War),Zoë Keating,One Cello x 16: Natoma,1,2005,Klassik
617,Fern,Zoë Keating,One Cello x 16: Natoma,2,2005,Klassik
618,Tetrishead,Zoë Keating,One Cello x 16: Natoma,3,2005,Klassik
619,Sun Will Set,Zoë Keating,One Cello x 16: Natoma,4,2005,Klassik
620,We Insist,Zoë Keating,One Cello x 16: Natoma,5,2005,Klassik
621,Legions (Reverie),Zoë Keating,One Cello x 16: Natoma,6,2005,Klassik
622,Frozen Angels,Zoë Keating,One Cello x 16: Natoma,7,2005,Klassik
623,Legions (Aftermath),Zoë Keating,One Cello x 16: Natoma,8,2005,Klassik
624,Rolling In the Deep,Adele,21,1,2011,Pop
625,Rumour Has It,Adele,21,2,2011,Pop
626,Turning Tables,Adele,21,3,2011,Pop
627,Don't You Remember,Adele,21,4,2011,Pop
628,Set Fire to the Rain,Adele,21,5,2011,Pop
629,He Won't Go,Adele,21,6,2011,Pop
630,Take It All,Adele,21,7,2011,Pop
631,I'll Be Waiting,Adele,21,8,2011,Pop
632,One and Only,Adele,21,9,2011,Pop
633,Lovesong,Adele,21,10,2011,Pop
634,Someone Like You,Adele,21,11,2011,Pop
635,I Found a Boy (Bonus Track),Adele,21,12,2011,Pop
636,Adele 21 - A Track By Track Interview,Adele,21,13,2011,Pop
637,Hello,Adele,25,1,2015,Pop
638,Send My Love (To Your New Lover),Adele,25,2,2015,Pop
639,I Miss You,Adele,25,3,2015,Pop
640,When We Were Young,Adele,25,4,2015,Pop
641,Remedy,Adele,25,5,2015,Pop
642,Water Under the Bridge,Adele,25,6,2015,Pop
643,River Lea,Adele,25,7,2015,Pop
644,Love in the Dark,Adele,25,8,2015,Pop
645,Million Years Ago,Adele,25,9,2015,Pop
646,All I Ask,Adele,25,10,2015,Pop
647,Sweetest Devotion,Adele,25,11,2015,Pop
648,Qirayis,Ahmet Aslan,Va u Waxt (Wind Und Zeit) Rüzgar ve Zaman,1,2003,Weltmusik
649,Cirtike,Ahmet Aslan,Va u Waxt (Wind Und Zeit) Rüzgar ve Zaman,2,2003,Weltmusik
﻿650,Meso,Ahmet Aslan,Va u Waxt (Wind Und Zeit) Rüzgar ve Zaman,3,2003,Weltmusik
651,Susarak Özlüyorum (İşte Buna Bıçak Çekiyorum),Ahmet Aslan,Va u Waxt (Wind Und Zeit) Rüzgar ve Zaman,4,2003,Weltmusik
652,Gulbang,Ahmet Aslan,Va u Waxt (Wind Und Zeit) Rüzgar ve Zaman,5,2003,Weltmusik
653,Tanımadığım Ten,Ahmet Aslan,Va u Waxt (Wind Und Zeit) Rüzgar ve Zaman,6,2003,Weltmusik
654,Sewda Saye,Ahmet Aslan,Va u Waxt (Wind Und Zeit) Rüzgar ve Zaman,7,2003,Weltmusik
655,Birlik Zamanı Dersim,Ahmet Aslan,Va u Waxt (Wind Und Zeit) Rüzgar ve Zaman,8,2003,Weltmusik
656,Xerib,Ahmet Aslan,Va u Waxt (Wind Und Zeit) Rüzgar ve Zaman,9,2003,Weltmusik
657,Pervane,Ahmet Aslan,Va u Waxt (Wind Und Zeit) Rüzgar ve Zaman,10,2003,Weltmusik
658,Up All Night,Alex Clare,The Lateness of the Hour (Deluxe Edition),1,2011,Pop
659,Treading Water,Alex Clare,The Lateness of the Hour (Deluxe Edition),2,2011,Pop
660,Relax My Beloved,Alex Clare,The Lateness of the Hour (Deluxe Edition),3,2011,Pop
661,Too Close,Alex Clare,The Lateness of the Hour (Deluxe Edition),4,2011,Pop
662,When Doves Cry,Alex Clare,The Lateness of the Hour (Deluxe Edition),5,2011,Pop
663,Humming Bird,Alex Clare,The Lateness of the Hour (Deluxe Edition),6,2011,Pop
664,Hands Are Clever,Alex Clare,The Lateness of the Hour (Deluxe Edition),7,2011,Pop
665,Tight Rope,Alex Clare,The Lateness of the Hour (Deluxe Edition),8,2011,Pop
666,Whispering,Alex Clare,The Lateness of the Hour (Deluxe Edition),9,2011,Pop
667,I Love You,Alex Clare,The Lateness of the Hour (Deluxe Edition),10,2011,Pop
668,Sanctuary,Alex Clare,The Lateness of the Hour (Deluxe Edition),11,2011,Pop
669,I Won't Let You Down,Alex Clare,The Lateness of the Hour (Deluxe Edition),12,2011,Pop
670,Where Is the Heart?,Alex Clare,The Lateness of the Hour (Deluxe Edition),13,2011,Pop
671,Treading Water (Unplugged),Alex Clare,The Lateness of the Hour (Deluxe Edition),14,2011,Pop
672,Up All Night,Alex Clare,The Lateness of the Hour (Deluxe Edition),15,2011,Pop
673,Too Close,Alex Clare,The Lateness of the Hour (Deluxe Edition),16,2011,Pop
674,Too Close,Alex Clare,The Lateness of the Hour (Deluxe Edition),17,2011,Pop
675,Empire State of Mind, Pt. II,Alicia Keys,The Element of Freedom (Deluxe Edition),14,2009,R&B/Soul
676,Tomorrow Never Knows,Alison Mosshart,Sucker Punch (Original Motion Picture Soundtrack),6,2011,Soundtracks
677,I Need A Dollar,Aloe Blacc,Good Things,1,2010,R&B/Soul
678,Green Lights,Aloe Blacc,Good Things,2,2010,R&B/Soul
679,Hey Brother,Aloe Blacc,Good Things,3,2010,R&B/Soul
680,Miss Fortune,Aloe Blacc,Good Things,4,2010,R&B/Soul
681,Life So Hard,Aloe Blacc,Good Things,5,2010,R&B/Soul
682,Take Me Back,Aloe Blacc,Good Things,6,2010,R&B/Soul
683,Femme Fatale,Aloe Blacc,Good Things,7,2010,R&B/Soul
684,Loving You Is Killing Me,Aloe Blacc,Good Things,8,2010,R&B/Soul
685,Good Things,Aloe Blacc,Good Things,9,2010,R&B/Soul
686,You Make Me Smile,Aloe Blacc,Good Things,10,2010,R&B/Soul
687,If I,Aloe Blacc,Good Things,11,2010,R&B/Soul
688,Mama Hold My Hand,Aloe Blacc,Good Things,12,2010,R&B/Soul
689,Politician (Reprise),Aloe Blacc,Good Things,13,2010,R&B/Soul
690,Let It Rain,Amanda Marshall,Intermission - The Singles Collection,1,2003,Pop
691,Tike Tike Kardi,Arash,Arash,1,2005,Pop
692,Yalla,Arash,Arash,2,2005,Pop
693,Boro Boro (Radio Edit),Arash,Arash,3,2005,Pop
694,Ey Yar Begoo,Arash,Arash,4,2005,Pop
695,Temptation,Arash,Arash,5,2005,Pop
696,Arash,Arash,Arash,6,2005,Pop
697,Bombay Dreams,Arash,Arash,7,2005,Pop
698,Mano To,Arash,Arash,8,2005,Pop
699,Baskon,Arash,Arash,9,2005,Pop
﻿700,Music Is My Language,Arash,Arash,10,2005,Pop
701,Salamati,Arash,Arash,11,2005,Pop
702,Behnaz,Arash,Arash,12,2005,Pop
703,Boro Boro Bollywood Café,Arash,Arash,13,2005,Pop
704,Tike Tike Kardi (Payami Lounge),Arash,Arash,14,2005,Pop
705,Bal Gibi Olur,Asu Maralman,45'lik,6,2009,Weltmusik
706,Hayat Arkadaşım (Versiyon),Atakan Ilgazdağ,Ya Sonra,5,2011,Türkisch
707,My Feelings For You (Radio Edit),Avicii & Sebastien Drums,My Feelings For You - taken from Superstar,1,2010,Dance
708,Hal Hal,Barış Manço,Hal Hal,1,1989,Weltmusik
709,Dönence,Barış Manço,Hal Hal,2,1989,Weltmusik
710,Alla Beni Pulla Beni,Barış Manço,Hal Hal,3,1989,Weltmusik
711,Ademoğlu Kızgın Fırın Havva Kızı Mercimek,Barış Manço,Hal Hal,4,1989,Weltmusik
712,Ali Yazar Veli Bozar,Barış Manço,Hal Hal,5,1989,Weltmusik
713,Bahçede Hanımeli,Barış Manço,Hal Hal,6,1989,Weltmusik
714,Halil İbrahim Sofrası,Barış Manço,Hal Hal,8,1989,Weltmusik
715,Geçti Dost Kervanı,Barış Manço,Hal Hal,9,1989,Weltmusik
716,Kazma,Barış Manço,Hal Hal,10,1989,Weltmusik
717,Bal Sultan,Barış Manço,Hal Hal,11,1989,Weltmusik
718,Aman Yavaş Aheste,Barış Manço,Hal Hal,12,1989,Weltmusik
719,Kol Düğmeleri,Barış Manço,Hal Hal,13,1989,Weltmusik
720,Eski Bir Fincan,Barış Manço,Hal Hal,14,1989,Weltmusik
721,Çıt Çıt Çedene,Barış Manço,Hal Hal,15,1989,Weltmusik
722,Arkadaşım Eşşek,Barış Manço,Hal Hal,16,1989,Weltmusik
723,Alla Beni Pulla Beni,Barış Manço,Mançoloji,7,1999,Weltmusik
724,Lambaya Puf De,Barış Manço,Prog Is Not a Four Letter Word,6,2007,Rock
725,Binboganin Kizi,Barış Manço & Moğollar,Istanbul 70 - Psych, Disco, Folk Classics,13,2012,Weltmusik
726,Beş Harfli,Berkay Şenol,Ya Sonra,10,2011,Türkisch
727,Çevirme,Berkay Şenol,Ya Sonra,11,2011,Türkisch
728,Latiniz,Berkay Şenol,Ya Sonra,20,2011,Türkisch
729,Bibi Blocksberg Lied,Bibi Blocksberg,Folge 9: Bibi Blocksberg verliebt sich,1,2007,Hörspiele
730,Folge 9 - Kapitel 1: Bibi vermisst Boris,Bibi Blocksberg,Folge 9: Bibi Blocksberg verliebt sich,2,2007,Hörspiele
731,Folge 9 - Kapitel 2: Zum ersten mal verliebt,Bibi Blocksberg,Folge 9: Bibi Blocksberg verliebt sich,3,2007,Hörspiele
732,Folge 9 - Kapitel 3: Einfach abgeblitzt,Bibi Blocksberg,Folge 9: Bibi Blocksberg verliebt sich,4,2007,Hörspiele
733,Folge 9 - Kapitel 4: Auf Schönheit kommt's nicht an,Bibi Blocksberg,Folge 9: Bibi Blocksberg verliebt sich,5,2007,Hörspiele
734,Folge 9 - Kapitel 5: Die Liebeshexerei,Bibi Blocksberg,Folge 9: Bibi Blocksberg verliebt sich,6,2007,Hörspiele
735,Folge 9 - Kapitel 6: Verabredung zum Eisessen,Bibi Blocksberg,Folge 9: Bibi Blocksberg verliebt sich,7,2007,Hörspiele
736,Folge 9 - Kapitel 7: Bibi hilft beim Umzug,Bibi Blocksberg,Folge 9: Bibi Blocksberg verliebt sich,8,2007,Hörspiele
737,Bibi Blocksberg Lied,Bibi Blocksberg,Folge 28: Bibi Blocksberg im Dschungel,1,2007,Hörspiele
738,Folge 28 - Kapitel 1: Bibi allein zu Haus,Bibi Blocksberg,Folge 28: Bibi Blocksberg im Dschungel,2,2007,Hörspiele
739,Folge 28 - Kapitel 2: Auf dem Dachboden,Bibi Blocksberg,Folge 28: Bibi Blocksberg im Dschungel,3,2007,Hörspiele
740,Folge 28 - Kapitel 3: Im Hexendschungel,Bibi Blocksberg,Folge 28: Bibi Blocksberg im Dschungel,4,2007,Hörspiele
741,Folge 28 - Kapitel 4: Streitlustige Forscher,Bibi Blocksberg,Folge 28: Bibi Blocksberg im Dschungel,5,2007,Hörspiele
742,Folge 28 - Kapitel 5: Gehexte Leckereien,Bibi Blocksberg,Folge 28: Bibi Blocksberg im Dschungel,6,2007,Hörspiele
743,Folge 28 - Kapitel 6: Turbulente Floßfahrt,Bibi Blocksberg,Folge 28: Bibi Blocksberg im Dschungel,7,2007,Hörspiele
744,Folge 28 - Kapitel 7: Von Mami zurückgehext,Bibi Blocksberg,Folge 28: Bibi Blocksberg im Dschungel,8,2007,Hörspiele
745,Folge 28 - Kapitel 8: Nächtlicher Presserummel,Bibi Blocksberg,Folge 28: Bibi Blocksberg im Dschungel,9,2007,Hörspiele
746,Kalbim Durdu Heyecandan,Bilgen Bengü,45'lik,10,2009,Weltmusik
747,Army of Me (Sucker Punch Remix),Björk,Sucker Punch (Original Motion Picture Soundtrack),2,2011,Soundtracks
748,Jammin',Bob Marley & The Wailers,Africa Unite: The Singles Collection,11,2005,Reggae
749,Always,Bon Jovi,Bon Jovi: Greatest Hits - The Ultimate Collection,13,2010,Rock
﻿750,Locked Out of Heaven,Bruno Mars,Locked Out of Heaven - Single,1,2012,Pop
751,Love Is the Drug,Carla Gugino & Oscar Isaac,Sucker Punch (Original Motion Picture Soundtrack),9,2011,Soundtracks
752,Bella,Carlos Santana,Desperado (The Soundtrack),11,1995,Pop
753,That Man,Caro Emerald,Deleted Scenes from the Cutting Room Floor,1,2010,Pop
754,Just One Dance,Caro Emerald,Deleted Scenes from the Cutting Room Floor,2,2010,Pop
755,Riviera Life,Caro Emerald,Deleted Scenes from the Cutting Room Floor,3,2010,Pop
756,Back It Up,Caro Emerald,Deleted Scenes from the Cutting Room Floor,4,2010,Pop
757,The Other Woman,Caro Emerald,Deleted Scenes from the Cutting Room Floor,5,2010,Pop
758,Absolutely Me,Caro Emerald,Deleted Scenes from the Cutting Room Floor,6,2010,Pop
759,You Don't Love Me,Caro Emerald,Deleted Scenes from the Cutting Room Floor,7,2010,Pop
760,Dr. Wanna Do,Caro Emerald,Deleted Scenes from the Cutting Room Floor,8,2010,Pop
761,Stuck,Caro Emerald,Deleted Scenes from the Cutting Room Floor,9,2010,Pop
762,I Know That He's Mine,Caro Emerald,Deleted Scenes from the Cutting Room Floor,10,2010,Pop
763,A Night Like This,Caro Emerald,Deleted Scenes from the Cutting Room Floor,11,2010,Pop
764,The Lipstick On His Collar Doesn't Seem to Match Mine,Caro Emerald,Deleted Scenes from the Cutting Room Floor,12,2010,Pop
765,Bright Lights Bigger City,CeeLo Green,The Lady Killer (Deluxe),2,2010,R&B/Soul
766,Nem Alacak Felek Benim,Cem Karaca,Istanbul 70 - Psych, Disco, Folk Classics,1,2012,Weltmusik
767,Can't Hardly Stand It,Charlie Feathers,Kill Bill, Vol. 2 (Original Soundtrack),4,2004,Soundtracks
768,Malaguena Salerosa,Chingon,Kill Bill, Vol. 2 (Original Soundtrack),14,2004,Soundtracks
769,Alice's Theme,Danny Elfman,Alice In Wonderland (Soundtrack from the Motion Picture),1,2010,Soundtracks
770,Little Alice,Danny Elfman,Alice In Wonderland (Soundtrack from the Motion Picture),2,2010,Soundtracks
771,Proposal / Down the Hole,Danny Elfman,Alice In Wonderland (Soundtrack from the Motion Picture),3,2010,Soundtracks
772,Doors,Danny Elfman,Alice In Wonderland (Soundtrack from the Motion Picture),4,2010,Soundtracks
773,Drink Me,Danny Elfman,Alice In Wonderland (Soundtrack from the Motion Picture),5,2010,Soundtracks
774,Into the Garden,Danny Elfman,Alice In Wonderland (Soundtrack from the Motion Picture),6,2010,Soundtracks
775,Alice Reprise #1,Danny Elfman,Alice In Wonderland (Soundtrack from the Motion Picture),7,2010,Soundtracks
776,Bandersnatched,Danny Elfman,Alice In Wonderland (Soundtrack from the Motion Picture),8,2010,Soundtracks
777,Finding Absolem,Danny Elfman,Alice In Wonderland (Soundtrack from the Motion Picture),9,2010,Soundtracks
778,Alice Reprise #2,Danny Elfman,Alice In Wonderland (Soundtrack from the Motion Picture),10,2010,Soundtracks
779,The Cheshire Cat,Danny Elfman,Alice In Wonderland (Soundtrack from the Motion Picture),11,2010,Soundtracks
780,Alice and Bayard's Journey,Danny Elfman,Alice In Wonderland (Soundtrack from the Motion Picture),12,2010,Soundtracks
781,Alice Reprise #3,Danny Elfman,Alice In Wonderland (Soundtrack from the Motion Picture),13,2010,Soundtracks
782,Alice Escapes,Danny Elfman,Alice In Wonderland (Soundtrack from the Motion Picture),14,2010,Soundtracks
783,The White Queen,Danny Elfman,Alice In Wonderland (Soundtrack from the Motion Picture),15,2010,Soundtracks
784,Only a Dream,Danny Elfman,Alice In Wonderland (Soundtrack from the Motion Picture),16,2010,Soundtracks
785,The Dungeon,Danny Elfman,Alice In Wonderland (Soundtrack from the Motion Picture),17,2010,Soundtracks
786,Alice Decides,Danny Elfman,Alice In Wonderland (Soundtrack from the Motion Picture),18,2010,Soundtracks
787,Alice Reprise #4,Danny Elfman,Alice In Wonderland (Soundtrack from the Motion Picture),19,2010,Soundtracks
788,Going to Battle,Danny Elfman,Alice In Wonderland (Soundtrack from the Motion Picture),20,2010,Soundtracks
789,The Final Confrontation,Danny Elfman,Alice In Wonderland (Soundtrack from the Motion Picture),21,2010,Soundtracks
790,Blood of the Jabberwocky,Danny Elfman,Alice In Wonderland (Soundtrack from the Motion Picture),22,2010,Soundtracks
791,Alice Returns,Danny Elfman,Alice In Wonderland (Soundtrack from the Motion Picture),23,2010,Soundtracks
792,Alice Reprise #5,Danny Elfman,Alice In Wonderland (Soundtrack from the Motion Picture),24,2010,Soundtracks
793,Yılan,Demet Akalın & Ersay Uner,Giderli 16,2,2012,Pop
794,Yaz Gazeteci,Derdiyoklar,Istanbul 70 - Psych, Disco, Folk Classics,2,2012,Weltmusik
795,Six Blade Knife,Dire Straits,Desperado (The Soundtrack),2,1995,Pop
796,My Boy,Duffy,Endlessly,1,2010,Pop
797,Too Hurt to Dance,Duffy,Endlessly,2,2010,Pop
798,Keeping My Baby,Duffy,Endlessly,3,2010,Pop
799,Well, Well, Well,Duffy,Endlessly,4,2010,Pop
﻿800,Don't Forsake Me,Duffy,Endlessly,5,2010,Pop
801,Endlessly,Duffy,Endlessly,6,2010,Pop
802,Breath Away,Duffy,Endlessly,7,2010,Pop
803,Lovestruck,Duffy,Endlessly,8,2010,Pop
804,Girl,Duffy,Endlessly,9,2010,Pop
805,Hard for the Heart,Duffy,Endlessly,10,2010,Pop
806,Track By Track,Duffy,Endlessly,11,2010,Pop
807,Hotel California,Eagles,Hotel California,1,1976,Rock
808,Ayrilik,Edip Akbayram & Dostlar,Istanbul 70 - Psych, Disco, Folk Classics,3,2012,Weltmusik
809,White Rabbit,Emilíana Torrini,Sucker Punch (Original Motion Picture Soundtrack),3,2011,Soundtracks
810,Sweet Dreams (Are Made of This),Emily Browning,Sucker Punch (Original Motion Picture Soundtrack),1,2011,Soundtracks
811,Asleep,Emily Browning,Sucker Punch (Original Motion Picture Soundtrack),8,2011,Soundtracks
812,Il Tramonto,Ennio Morricone,Kill Bill, Vol. 2 (Original Soundtrack),3,2004,Soundtracks
813,"L'Arena (From ""Il Mercenario"")",Ennio Morricone,Kill Bill, Vol. 2 (Original Soundtrack),9,2004,Soundtracks
814,A Silhouette of Doom,Ennio Morricone,Kill Bill, Vol. 2 (Original Soundtrack),11,2004,Soundtracks
815,Tövbe,Ercan Turgut,45'lik,15,2009,Weltmusik
816,Aşk Bende Ağır Artık,Ercüneyt Özdemir,Ya Sonra,3,2011,Türkisch
817,Cemalim,Erkin Koray,Istanbul 70 - Psych, Disco, Folk Classics,12,2012,Weltmusik
818,Gelde Yanma,Erol Evgin,45'lik,12,2009,Weltmusik
819,Acılar Sürekli Olamaz,Ersan Erdura,45'lik,14,2009,Weltmusik
820,Derman Bulunmaz,Ersen & Dadaslar,Istanbul 70 - Psych, Disco, Folk Classics,4,2012,Weltmusik
821,Ayrilik Olsa Bile,Esmeray,Istanbul 70 - Psych, Disco, Folk Classics,5,2012,Weltmusik
822,Like a G6 (feat. The Cataracs & Dev),Far East Movement,Like a G6 (German Remixes Version) [feat. Cataracs & Dev],1,2010,Pop
823,Rocketeer (feat. Ryan Tedder),Far East Movement & Ryan Tedder,Rocketeer (feat. Ryan Tedder) - Single,1,2010,Pop
824,Labirent,Faruk Ceviz,Ya Sonra,15,2011,Türkisch
825,Waiting for a Train,Flash and the Pan,Collection,4,1994,Alternative
826,Wovon Sollen Wir Träumen,FRIDA GOLD,Wovon sollen wir träumen (Deluxe Version) - EP,1,2011,Pop
827,Zeig mir wie du tanzt (Radio Edit),FRIDA GOLD,Zeig mir wie du tanzt (Premium Version) - EP,1,2010,Pop
828,Affetmem,Funda,45'lik,5,2009,Weltmusik
829,Intoxication,Gentleman,Confidence,4,2004,Reggae
830,Intro by The Evolution (Summerjam Live),Gentleman & The Evolution,Diversity Live (Special Version),1,2011,Reggae
831,Distant Away (Summerjam Live),Gentleman & The Evolution,Diversity Live (Special Version),2,2011,Reggae
832,Good Old Days (Summerjam Live),Gentleman & The Evolution,Diversity Live (Special Version),3,2011,Reggae
833,Blessings of Jah (Summerjam Live),Gentleman & The Evolution,Diversity Live (Special Version),4,2011,Reggae
834,Different Places (Summerjam Live),Gentleman & The Evolution,Diversity Live (Special Version),5,2011,Reggae
835,I Got to Go (Summerjam Live),Gentleman & The Evolution,Diversity Live (Special Version),6,2011,Reggae
836,Love Chant (Summerjam Live),Gentleman & The Evolution,Diversity Live (Special Version),7,2011,Reggae
837,Celebration (Summerjam Live),Gentleman & The Evolution,Diversity Live (Special Version),8,2011,Reggae
838,Jah Ina Yuh Life (Summerjam Live),Gentleman & The Evolution,Diversity Live (Special Version),9,2011,Reggae
839,Bridge Over Wall (Summerjam Live),Gentleman & The Evolution,Diversity Live (Special Version),10,2011,Reggae
840,Ina Time Like Now (Summerjam Live),Gentleman & The Evolution,Diversity Live (Special Version),12,2011,Reggae
841,Lonely Days (Summerjam Live),Gentleman & The Evolution,Diversity Live (Special Version),13,2011,Reggae
842,Changes (Summerjam Live),Gentleman & The Evolution,Diversity Live (Special Version),14,2011,Reggae
843,Fast Forward (Summerjam Live),Gentleman & The Evolution,Diversity Live (Special Version),15,2011,Reggae
844,Intoxication (Summerjam Live),Gentleman & The Evolution,Diversity Live (Special Version),16,2011,Reggae
845,Serenity (Summerjam Live),Gentleman & The Evolution,Diversity Live (Special Version),17,2011,Reggae
846,Jah Love (Summerjam Live),Gentleman & The Evolution,Diversity Live (Special Version),18,2011,Reggae
847,Superior (Summerjam Live),Gentleman & The Evolution,Diversity Live (Special Version),19,2011,Reggae
848,Hold On Strong (Summerjam Live),Gentleman & The Evolution,Diversity Live (Special Version),1,2011,Reggae
849,To the Top (Summerjam Live),Gentleman & The Evolution,Diversity Live (Special Version),2,2011,Reggae
﻿850,Runaway (Summerjam Live),Gentleman & The Evolution,Diversity Live (Special Version),3,2011,Reggae
851,The Finish Line (Summerjam Live),Gentleman & The Evolution,Diversity Live (Special Version),4,2011,Reggae
852,No Time to Play (Summerjam Live),Gentleman & The Evolution,Diversity Live (Special Version),5,2011,Reggae
853,Another Melody (Summerjam Live),Gentleman & The Evolution,Diversity Live (Special Version),6,2011,Reggae
854,Face Off (Summerjam Live),Gentleman & The Evolution,Diversity Live (Special Version),7,2011,Reggae
855,It No Pretty (Summerjam Live),Gentleman & The Evolution,Diversity Live (Special Version),8,2011,Reggae
856,Dem Gone (Summerjam Live),Gentleman & The Evolution,Diversity Live (Special Version),9,2011,Reggae
857,Leave Us Alone (Summerjam Live),Gentleman & The Evolution,Diversity Live (Special Version),10,2011,Reggae
858,Nothin' a Change (Summerjam Live),Gentleman & The Evolution,Diversity Live (Special Version),11,2011,Reggae
859,I Got to Go,Gentleman & The Evolution,Diversity Live (Special Version),1,2011,Reggae
860,Intoxication,Gentleman & The Evolution,Diversity Live (Special Version),2,2011,Reggae
861,Superior,Gentleman & The Evolution,Diversity Live (Special Version),3,2011,Reggae
862,To the Top,Gentleman & The Evolution,Diversity Live (Special Version),4,2011,Reggae
863,Runaway,Gentleman & The Evolution,Diversity Live (Special Version),5,2011,Reggae
864,Acıyor,Göksel,Bende Bi' Aşk Var,1,2012,Pop
865,Aşkın Yalanmış,Göksel,Bende Bi' Aşk Var,2,2012,Pop
866,Rüzgar,Göksel,Bende Bi' Aşk Var,3,2012,Pop
867,Uzaktan,Göksel,Bende Bi' Aşk Var,4,2012,Pop
868,Aşk Bitti,Göksel,Bende Bi' Aşk Var,5,2012,Pop
869,Unuttun mu Sahi,Göksel,Bende Bi' Aşk Var,6,2012,Pop
870,Sarhoş,Göksel,Bende Bi' Aşk Var,7,2012,Pop
871,Gidemiyorum,Göksel,Bende Bi' Aşk Var,8,2012,Pop
872,Yalnız Kuş,Göksel,Bende Bi' Aşk Var,9,2012,Pop
873,Yarım Kalan Şarkı,Göksel,Bende Bi' Aşk Var,10,2012,Pop
874,Çalsın Sazlar,Gönül Yazar,45'lik,16,2009,Weltmusik
875,Yalnızlığın Çaresini Bulmuşlar,Gripin,Yalnızlığın Çaresini Bulmuşlar,1,2012,Pop
876,Akşam Olur Karanlığa Kalırsın (Sevdalı Gelin / Oy Gelin),Gülay,Dalgalar,7,2006,Weltmusik
877,Gençlik Başımda Duman,Güzin İle Baha,45'lik,1,2009,Weltmusik
878,Benim Bolanlarım Var,Ibo,45'lik,9,2009,Weltmusik
879,Çok Aşığın Var Diyorlar,İncesaz,Iki / Eylül Sarkilari,1,2002,Weltmusik
880,Kaçsam Birakip,Incesaz & Dilek Türkan,Incesaz 4 - Mazi Kalbimde,13,2005,Weltmusik
881,Bu Aşk Fazla Sana (feat. Teoman),İskender Paydaş,Zamansız Şarkılar,1,2011,Türkisch
882,Nasıl Yani (feat. Mirkelam - Atiye),İskender Paydaş,Zamansız Şarkılar,2,2011,Türkisch
883,Sensiz Olmaz Ki (feat. Mustafa Ceceli),İskender Paydaş,Zamansız Şarkılar,3,2011,Türkisch
884,Kar Beyaz (feat. Kerim Tekin - İrem Candar),İskender Paydaş,Zamansız Şarkılar,4,2011,Türkisch
885,Dr. (feat. Kenan Doğulu),İskender Paydaş,Zamansız Şarkılar,5,2011,Türkisch
886,Tavla (feat. Doa- Özgün),İskender Paydaş,Zamansız Şarkılar,6,2011,Türkisch
887,Yeni Aşk (feat. Yılmaz Kömürcü),İskender Paydaş,Zamansız Şarkılar,7,2011,Türkisch
888,Arap Saçı (feat. Pelin Yılmaz),İskender Paydaş,Zamansız Şarkılar,8,2011,Türkisch
889,Batsın Bu Dünya (feat. BBD Korosu),İskender Paydaş,Zamansız Şarkılar,9,2011,Türkisch
890,Kartal Dağı,İskender Paydaş,Zamansız Şarkılar,10,2011,Türkisch
891,Pump up Medley (Live),Jan Delay,Wir Kinder vom Bahnhof Soul (Live),12,2010,Pop
892,Satisfied Mind,Johnny Cash,Kill Bill, Vol. 2 (Original Soundtrack),10,2004,Soundtracks
893,Süchtig (Single Version),Juli,Süchtig (Special Version) - Single,1,2011,Pop
894,Ikimiz Bir Fidaniz,Kamuran Akkor,Istanbul 70 - Psych, Disco, Folk Classics,6,2012,Weltmusik
895,Çilli,Kenan,45'lik,4,2009,Weltmusik
896,Sonnentanz (Original Version),Klangkarussell,Sonnentanz (Remixes) - EP,1,2012,Dance
897,Thé à la menthe (The Laser Dance Version),La Caution,Thé à la menthe (The Laser Dance Song) - EP,1,2008,Electronic
898,Kendi Düşen Ağlamaz,Lale Belkıs,45'lik,7,2009,Weltmusik
899,Manifold de Amour,Latin Playboys,Desperado (The Soundtrack),4,1995,Pop
﻿900,Forever Night Shade Mary,Latin Playboys,Desperado (The Soundtrack),5,1995,Pop
901,Good News,Lena,Good News,1,2011,Pop
902,What Happened to Me,Lena,Good News,2,2011,Pop
903,A Million and One,Lena,Good News,3,2011,Pop
904,Maybe,Lena,Good News,4,2011,Pop
905,I Like You,Lena,Good News,5,2011,Pop
906,Mama Told Me,Lena,Good News,6,2011,Pop
907,Push Forward,Lena,Good News,7,2011,Pop
908,A Good Day,Lena,Good News,8,2011,Pop
909,Taken By a Stranger,Lena,Good News,9,2011,Pop
910,Teenage Girls,Lena,Good News,10,2011,Pop
911,That Again,Lena,Good News,11,2011,Pop
912,At All,Lena,Good News,12,2011,Pop
913,Jack the Ripper,Link Wray,Desperado (The Soundtrack),3,1995,Pop
914,Tu Mira,Lole y Manuel,Kill Bill, Vol. 2 (Original Soundtrack),5,2004,Soundtracks
915,Mal Bicho,Los Fabulosos Cadillacs,Los Fabulosos Cadillacs: Originales - 20 Exitos,6,1990,Alternative und Latin-Rock
916,Cancion del Mariachi (Morena de Mi Corazon),Los Lobos,Desperado (The Soundtrack),1,1995,Pop
917,Bar Fight,Los Lobos,Desperado (The Soundtrack),7,1995,Pop
918,Bucho's Gracias / Navajas Attacks,Los Lobos,Desperado (The Soundtrack),9,1995,Pop
919,Bulletproof,Los Lobos,Desperado (The Soundtrack),10,1995,Pop
920,Rooftop Action,Los Lobos,Desperado (The Soundtrack),13,1995,Pop
921,Phone Call,Los Lobos,Desperado (The Soundtrack),14,1995,Pop
922,Let Love Reign,Los Lobos,Desperado (The Soundtrack),17,1995,Pop
923,Mariachi Suite,Los Lobos,Desperado (The Soundtrack),18,1995,Pop
924,Summertime Killer (Ricatto Alla Malla),Luis Bacalov,Kill Bill, Vol. 2 (Original Soundtrack),6,2004,Soundtracks
925,About Her,Malcolm McLaren,Kill Bill, Vol. 2 (Original Soundtrack),12,2004,Soundtracks
926,Beautiful Soul by Mamadee (Summerjam Live),Mamadee & The Evolution,Diversity Live (Special Version),20,2011,Reggae
927,Long Before Rock 'N Roll (Live) [MTV Unplugged],Mando Diao,MTV Unplugged - Above and Beyond: Mando Diao (Special Edition),1,2010,Rock
928,Sheepdog (Live) [MTV Unplugged],Mando Diao,MTV Unplugged - Above and Beyond: Mando Diao (Special Edition),2,2010,Rock
929,Losing My Mind (Live) [MTV Unplugged],Mando Diao,MTV Unplugged - Above and Beyond: Mando Diao (Special Edition),3,2010,Rock
930,Chet Baker (Live) [MTV Unplugged],Mando Diao,MTV Unplugged - Above and Beyond: Mando Diao (Special Edition),4,2010,Rock
931,Gloria (Live) [MTV Unplugged],Mando Diao,MTV Unplugged - Above and Beyond: Mando Diao (Special Edition),5,2010,Rock
932,Song for Aberdeen (Live) [MTV Unplugged],Mando Diao,MTV Unplugged - Above and Beyond: Mando Diao (Special Edition),6,2010,Rock
933,All My Senses (Live) [MTV Unplugged],Mando Diao,MTV Unplugged - Above and Beyond: Mando Diao (Special Edition),7,2010,Rock
934,Dance With Somebody (Live) [MTV Unplugged],Mando Diao,MTV Unplugged - Above and Beyond: Mando Diao (Special Edition),8,2010,Rock
935,High Heels (Live) [MTV Unplugged],Mando Diao,MTV Unplugged - Above and Beyond: Mando Diao (Special Edition),9,2010,Rock
936,Down In the Past (Live) [MTV Unplugged],Mando Diao,MTV Unplugged - Above and Beyond: Mando Diao (Special Edition),10,2010,Rock
937,How We Walk (Live) [MTV Unplugged],Mando Diao,MTV Unplugged - Above and Beyond: Mando Diao (Special Edition),11,2010,Rock
938,No More Tears (Live) [MTV Unplugged],Mando Diao,MTV Unplugged - Above and Beyond: Mando Diao (Special Edition),12,2010,Rock
939,You Can't Steal My Love (Live) [MTV Unplugged],Mando Diao,MTV Unplugged - Above and Beyond: Mando Diao (Special Edition),13,2010,Rock
940,Ochrasy (Live) [MTV Unplugged],Mando Diao,MTV Unplugged - Above and Beyond: Mando Diao (Special Edition),14,2010,Rock
941,The New Boy (Live) [MTV Unplugged],Mando Diao,MTV Unplugged - Above and Beyond: Mando Diao (Special Edition),15,2010,Rock
942,Ringing Bells (Live) [MTV Unplugged],Mando Diao,MTV Unplugged - Above and Beyond: Mando Diao (Special Edition),16,2010,Rock
943,Mean Street (Live) [MTV Unplugged],Mando Diao,MTV Unplugged - Above and Beyond: Mando Diao (Special Edition),17,2010,Rock
944,Your Lover's Nerve (Live) [MTV Unplugged],Mando Diao,MTV Unplugged - Above and Beyond: Mando Diao (Special Edition),18,2010,Rock
945,Mr. Moon (Live) [MTV Unplugged],Mando Diao,MTV Unplugged - Above and Beyond: Mando Diao (Special Edition),19,2010,Rock
946,Hail the Sunny Days (Live) [MTV Unplugged],Mando Diao,MTV Unplugged - Above and Beyond: Mando Diao (Special Edition),20,2010,Rock
947,Victoria,Mando Diao,MTV Unplugged - Above and Beyond: Mando Diao (Special Edition),21,2010,Rock
948,Bleecker Street,Mando Diao,MTV Unplugged - Above and Beyond: Mando Diao (Special Edition),22,2010,Rock
949,If I Don't Live Today, Then I Might Be Here Tomorrow (Live) [MTV Unplugged],Mando Diao,MTV Unplugged - Above and Beyond: Mando Diao (Special Edition),23,2010,Rock
﻿950,God Knows (Live) [MTV Unplugged],Mando Diao,MTV Unplugged - Above and Beyond: Mando Diao (Special Edition),24,2010,Rock
951,Down In the Past,Mando Diao,MTV Unplugged - Above and Beyond: Mando Diao (Special Edition),25,2010,Rock
952,Mando Diao,Mando Diao,MTV Unplugged - Above and Beyond: Mando Diao (Special Edition),26,2010,Rock
953,Me Gustas Tú,Manu Chao,Proxima Estacion: Esperanza,6,2001,Alternative und Latin-Rock
954,All I Want for Christmas Is You,Mariah Carey,Best Of Christmas – Die Hit Giganten,7,2011,Musik zum Fest
955,High On Your Love,Max Mutzke,Home Work Soul (Premium Version),1,2010,Pop
956,"Urami Bushi (Includes Hidden Track ""Black Mamba"")",Meiko Kaji,Kill Bill, Vol. 2 (Original Soundtrack),15,2004,Soundtracks
957,Senden Başka Kimim Var Ki,Meral - Zuhal,45'lik,11,2009,Weltmusik
958,Hungriges Herz,MIA.,Stille Post,3,1997,Rock
959,Feeling Good (Live from Madison Square Garden),Michael Bublé,A Holiday Gift for You - EP,1,2010,Pop
960,Everything (Live from Madison Square Garden),Michael Bublé,A Holiday Gift for You - EP,2,2010,Pop
961,Mack the Knife,Michael Bublé,A Holiday Gift for You - EP,3,2010,Pop
962,Orange Colored Sky,Michael Bublé,A Holiday Gift for You - EP,4,2010,Pop
963,"Tubular Bells (From ""The Exorcist"")",Mike Oldfield,Tubular Bells (Deluxe Version),3,1973,New Age
964,Tubular Bells, Pt. 1 (New Stereo Mix),Mike Oldfield,Tubular Bells (Remastered),1,1973,New Age
965,Tubular Bells, Pt. 2 (New Stereo Mix),Mike Oldfield,Tubular Bells (Remastered),2,1973,New Age
966,Mike Oldfield's Single (Theme from Tubular Bells),Mike Oldfield,Tubular Bells (Remastered),3,1973,New Age
967,Sailor's Hornpipe (Viv Stanshall Version),Mike Oldfield,Tubular Bells (Remastered),4,1973,New Age
968,Muzik Mogollar,Moğollar,Istanbul 70 - Psych, Disco, Folk Classics,7,2012,Weltmusik
969,Sensiz Olmaz,Müslüm Gürses,Neredesin Firuze,7,2004,Weltmusik
970,Hal Hal,Nazan Şoray,Istanbul 70 - Psych, Disco, Folk Classics,8,2012,Weltmusik
971,Teselliye Sen Gerek,Nazan Şoray,Istanbul 70 - Psych, Disco, Folk Classics,14,2012,Weltmusik
972,Pam Pam,Ñeco,45'lik,2,2009,Weltmusik
973,Birisine Birisine,Nil Burak,45'lik,8,2009,Weltmusik
974,Death,Nneka,No Longer At Ease (Bonus Track Edition),1,2008,R&B/Soul
975,Heartbeat,Nneka,No Longer At Ease (Bonus Track Edition),2,2008,R&B/Soul
976,Mind vs. Heart,Nneka,No Longer At Ease (Bonus Track Edition),3,2008,R&B/Soul
977,Suffri,Nneka,No Longer At Ease (Bonus Track Edition),4,2008,R&B/Soul
978,Come With Me,Nneka,No Longer At Ease (Bonus Track Edition),5,2008,R&B/Soul
979,Gypsy,Nneka,No Longer At Ease (Bonus Track Edition),6,2008,R&B/Soul
980,Halfcast,Nneka,No Longer At Ease (Bonus Track Edition),7,2008,R&B/Soul
981,Something to Say,Nneka,No Longer At Ease (Bonus Track Edition),8,2008,R&B/Soul
982,Streets Lack Love,Nneka,No Longer At Ease (Bonus Track Edition),9,2008,R&B/Soul
983,Niger Delta,Nneka,No Longer At Ease (Bonus Track Edition),10,2008,R&B/Soul
984,From Africa 4 U,Nneka,No Longer At Ease (Bonus Track Edition),11,2008,R&B/Soul
985,Running Away,Nneka,No Longer At Ease (Bonus Track Edition),12,2008,R&B/Soul
986,Focus,Nneka,No Longer At Ease (Bonus Track Edition),13,2008,R&B/Soul
987,Kangpe,Nneka,No Longer At Ease (Bonus Track Edition),14,2008,R&B/Soul
988,Deadly Combination,Nneka,No Longer At Ease (Bonus Track Edition),15,2008,R&B/Soul
989,Say Sorry,Oceana,My House,6,2012,Pop
990,Mariachi vs. Marquez,Once Upon a Time in Mexico,Once Upon a Time In Mexico (Original Soundtrack),11,2003,Soundtracks
991,Gaybana Geceler,Onur Akin,Onur Akın`dan Yüreklere Yazılanlar,3,2007,Weltmusik
992,Hayat Kavgasi,Orhan Gencebay,Istanbul 70 - Psych, Disco, Folk Classics,9,2012,Weltmusik
993,Kalp Yarası,Özcan Deniz,Sevdazede,4,2009,Weltmusik
994,Hayat Arkadaşım,Özcan Deniz,Ya Sonra,2,2011,Türkisch
995,Seni Kimler Aldı (Remix),Özcan Deniz,Ya Sonra,8,2011,Türkisch
996,Ya Sonra,Özcan Deniz & Deniz Çakır,Ya Sonra,1,2011,Türkisch
997,Solamente Tú,Pablo Alborán,Pablo Alborán,1,2011,Pop auf Spanisch
998,Bada Bing Bada Boom,Passionata,Bada Bing Bada Boom,1,2008,Pop
999,I Want It All / We Will Rock You Mash-Up,Queen,Sucker Punch (Original Motion Picture Soundtrack),4,2011,Soundtracks
﻿1000,S&M,Rihanna,Loud,1,2010,R&B/Soul
1001,Man Down,Rihanna,Loud,7,2010,R&B/Soul
1002,Diamonds,Rihanna,Unapologetic (Deluxe Version),2,2012,Pop
1003,Pass the Hatchet,Roger & The Gypsies,Desperado (The Soundtrack),6,1995,Pop
1004,Nicht artgerecht (Live),Roger Cicero,iTunes Live aus München - EP,1,2010,Pop
1005,Wenn sie dich fragt (Live),Roger Cicero,iTunes Live aus München - EP,2,2010,Pop
1006,Spontis zeugen Banker (Live),Roger Cicero,iTunes Live aus München - EP,3,2010,Pop
1007,Tabu (Live),Roger Cicero,iTunes Live aus München - EP,4,2010,Pop
1008,Wenn ich dich los wär (Live),Roger Cicero,iTunes Live aus München - EP,5,2010,Pop
1009,Magica Melodia,Rondò Veneziano,The Very Best of Rondò Veneziano,3,1999,Unterhaltungsmusik
1010,Quedate Aqui,Salma Hayek,Desperado (The Soundtrack),12,1995,Pop
1011,Molotov,Seeed,Molotov / Wonderful Life - Single,1,2011,Reggae
1012,Wonderful Life,Seeed,Molotov / Wonderful Life - Single,2,2011,Reggae
1013,Dalkavuk (Baris K Edit) [Bonus Track],Senay,Istanbul 70 - Psych, Disco, Folk Classics,16,2012,Weltmusik
1014,Açık Adres ( 2. Versiyon ),Sertab Erener,Açık Adres,2,2009,Weltmusik
1015,Bu Böyle (Mustafa Ceceli Version),Sertab Erener,Bu Böyle,1,2009,Weltmusik
1016,Bu Böyle (Alper Erinç - Akustik Version),Sertab Erener,Bu Böyle,2,2009,Weltmusik
1017,Bu Böyle (Alper Erinç Version),Sertab Erener,Bu Böyle,3,2009,Weltmusik
1018,Bu Böyle (Hakan Özer Version),Sertab Erener,Bu Böyle,4,2009,Weltmusik
1019,Bu Böyle (Murat Uncuoğlu & Emre Dündar - Remix),Sertab Erener,Bu Böyle,5,2009,Weltmusik
1020,Nem Kaldi,Seyhan Karabay,Istanbul 70 - Psych, Disco, Folk Classics,10,2012,Weltmusik
1021,IKILI DELILIK,SEZEN AKSU,BAHANE,6,2005,Pop
1022,Deliveren,Sezen Aksu,Deliveren,1,2001,Pop
1023,Oh Oh,Sezen Aksu,Deliveren,2,2001,Pop
1024,Kahpe Kader,Sezen Aksu,Deliveren,3,2001,Pop
1025,Keskin Biçak,Sezen Aksu,Deliveren,4,2001,Pop
1026,Rumeli Havasi,Sezen Aksu,Deliveren,5,2001,Pop
1027,Gidiyorum Bu Sehirden,Sezen Aksu,Deliveren,6,2001,Pop
1028,O-kudum-da,Sezen Aksu,Deliveren,7,2001,Pop
1029,Yine Mi Çiçek,Sezen Aksu,Deliveren,8,2001,Pop
1030,Hos Geldin,Sezen Aksu,Deliveren,9,2001,Pop
1031,Sari Odalar,Sezen Aksu,Deliveren,10,2001,Pop
1032,Yalanci Dünya,Sezen Aksu,Deliveren,11,2001,Pop
1033,Hayat Sana Tesekkür Ederim,Sezen Aksu,Deliveren,12,2001,Pop
1034,ISIK DOGUDAN YUKSELIR,Sezen Aksu,ISIK DOGUDAN YUKSELIR,1,2006,Weltmusik
1035,DAVET,Sezen Aksu,ISIK DOGUDAN YUKSELIR,2,2006,Weltmusik
1036,SON SARDUNYALAR,Sezen Aksu,ISIK DOGUDAN YUKSELIR,3,2006,Weltmusik
1037,ALATURKA,Sezen Aksu,ISIK DOGUDAN YUKSELIR,4,2006,Weltmusik
1038,YAKTILAR HALİM İMİ,Sezen Aksu,ISIK DOGUDAN YUKSELIR,5,2006,Weltmusik
1039,RAKKAS,Sezen Aksu,ISIK DOGUDAN YUKSELIR,6,2006,Weltmusik
1040,ONU ALMA BENI AL,Sezen Aksu,ISIK DOGUDAN YUKSELIR,7,2006,Weltmusik
1041,YENILIGE DOGRU,Sezen Aksu,ISIK DOGUDAN YUKSELIR,8,2006,Weltmusik
1042,NE AGLARSIN,Sezen Aksu,ISIK DOGUDAN YUKSELIR,9,2006,Weltmusik
1043,BEN ANNEMI ISTERIM,Sezen Aksu,ISIK DOGUDAN YUKSELIR,10,2006,Weltmusik
1044,VAR GIT TURNAM,Sezen Aksu,ISIK DOGUDAN YUKSELIR,11,2006,Weltmusik
1045,LA ILAHE ILLALLAH,Sezen Aksu,ISIK DOGUDAN YUKSELIR,12,2006,Weltmusik
1046,Unuttun Mu Beni,Sezen Aksu,Öptüm,1,2011,Weltmusik
1047,“Arkadaş” Şarkısını Duyunca,Sezen Aksu,Öptüm,2,2011,Weltmusik
1048,Ballı,Sezen Aksu,Öptüm,3,2011,Weltmusik
1049,Vay,Sezen Aksu,Öptüm,4,2011,Weltmusik
﻿1050,Ayar,Sezen Aksu,Öptüm,5,2011,Weltmusik
1051,Sayım,Sezen Aksu,Öptüm,6,2011,Weltmusik
1052,Acıtmışım Canını Sevdikçe,Sezen Aksu,Öptüm,7,2011,Weltmusik
1053,Kaçırıcam Seni...,Sezen Aksu,Öptüm,8,2011,Weltmusik
1054,Aşka Şükrederim,Sezen Aksu,Öptüm,9,2011,Weltmusik
1055,Ah Felek Yordun Beni,Sezen Aksu,Öptüm,10,2011,Weltmusik
1056,Seni Kimler Aldı,Sezen Aksu,Ya Sonra,4,2011,Türkisch
1057,Unutamam,Sezen Aksu,Yürüyorum Düş Bahçelerinde,1,2009,Weltmusik
1058,Uslanmadım,Sezen Aksu,Yürüyorum Düş Bahçelerinde,2,2009,Weltmusik
1059,Pardon,Sezen Aksu,Yürüyorum Düş Bahçelerinde,3,2009,Weltmusik
1060,La'l,Sezen Aksu,Yürüyorum Düş Bahçelerinde,4,2009,Weltmusik
1061,Kaçak,Sezen Aksu,Yürüyorum Düş Bahçelerinde,5,2009,Weltmusik
1062,Lale Devri,Sezen Aksu,Yürüyorum Düş Bahçelerinde,6,2009,Weltmusik
1063,İzmir Yanıyor,Sezen Aksu,Yürüyorum Düş Bahçelerinde,7,2009,Weltmusik
1064,Kaybedenler,Sezen Aksu,Yürüyorum Düş Bahçelerinde,8,2009,Weltmusik
1065,Elveda,Sezen Aksu,Yürüyorum Düş Bahçelerinde,9,2009,Weltmusik
1066,Tutunamadım,Sezen Aksu,Yürüyorum Düş Bahçelerinde,10,2009,Weltmusik
1067,Kurşuni Renkler,Sezen Aksu,Yürüyorum Düş Bahçelerinde,11,2009,Weltmusik
1068,Uçurtma Bayramları,Sezen Aksu,Yürüyorum Düş Bahçelerinde,12,2009,Weltmusik
1069,Sorma,Sezen Aksu,Yürüyorum Düş Bahçelerinde,13,2009,Weltmusik
1070,Takvim,Sezen Aksu,Yürüyorum Düş Bahçelerinde,14,2009,Weltmusik
1071,Muhabbet Kuşları,Sezen Aksu,Yürüyorum Düş Bahçelerinde,15,2009,Weltmusik
1072,İtirafçı Olma (Kıvanch K Version),Sezen Aksu,Yürüyorum Düş Bahçelerinde 2,1,2009,Weltmusik
1073,Bekleyelim de Görelim,Sezen Aksu,Yürüyorum Düş Bahçelerinde 2,2,2009,Weltmusik
1074,Gelsin Hayat Bildiği Gibi,Sezen Aksu,Yürüyorum Düş Bahçelerinde 2,3,2009,Weltmusik
1075,Kibir,Sezen Aksu,Yürüyorum Düş Bahçelerinde 2,4,2009,Weltmusik
1076,Tören (Mithat Can Özer - Mustafa Ceceli Version),Sezen Aksu,Yürüyorum Düş Bahçelerinde 2,5,2009,Weltmusik
1077,Yok ki,Sezen Aksu,Yürüyorum Düş Bahçelerinde 2,6,2009,Weltmusik
1078,Çakkıdı,Sezen Aksu,Yürüyorum Düş Bahçelerinde 2,7,2009,Weltmusik
1079,Anadilim Aşk,Sezen Aksu,Yürüyorum Düş Bahçelerinde 2,8,2009,Weltmusik
1080,Bile Bile,Sezen Aksu,Yürüyorum Düş Bahçelerinde 2,9,2009,Weltmusik
1081,Gidemem,Sezen Aksu,Yürüyorum Düş Bahçelerinde 2,10,2009,Weltmusik
1082,Büklüm Büklüm,Sezen Aksu,Yürüyorum Düş Bahçelerinde 2,11,2009,Weltmusik
1083,Söz Bitti,Sezen Aksu,Yürüyorum Düş Bahçelerinde 2,12,2009,Weltmusik
1084,Tören (Aykut Gürel - Mithat Can Özer Version),Sezen Aksu,Yürüyorum Düş Bahçelerinde 2,13,2009,Weltmusik
1085,İtirafçı Olma (Aykut Gürel - Mithatcan Özer Version),Sezen Aksu,Yürüyorum Düş Bahçelerinde 2,14,2009,Weltmusik
1086,Goodnight Moon,Shivaree,Kill Bill, Vol. 2 (Original Soundtrack),2,2004,Soundtracks
1087,En Doğru Zaman,Sıla,İmza,6,2010,Pop
1088,Yoruldum,Sıla,İmza,10,2010,Pop
1089,Vur Kadehi Ustam,Sıla,Konuşmadığımız Şeyler Var,12,2010,Pop
1090,Search and Destroy,Skunk Anansie,Sucker Punch (Original Motion Picture Soundtrack),5,2011,Soundtracks
1091,Black Hole Sun (Edit),Soundgarden,100 Essential Hits - 90s,10,2010,Pop
1092,Needed You by Tamika (Summerjam Live),Tamika & The Evolution,Diversity Live (Special Version),11,2011,Reggae
1093,Sevdanın Son Vuruşu,Tarkan,Adımı Kalbine Yaz,1,2010,Weltmusik
1094,Acımayacak,Tarkan,Adımı Kalbine Yaz,2,2010,Weltmusik
1095,İşim Olmaz,Tarkan,Adımı Kalbine Yaz,3,2010,Weltmusik
1096,Kayıp,Tarkan,Adımı Kalbine Yaz,4,2010,Weltmusik
1097,Öp,Tarkan,Adımı Kalbine Yaz,5,2010,Weltmusik
1098,Adımı Kalbine Yaz,Tarkan,Adımı Kalbine Yaz,6,2010,Weltmusik
1099,Sen Çoktan Gitmişsin,Tarkan,Adımı Kalbine Yaz,7,2010,Weltmusik
﻿1100,Usta - Çırak,Tarkan,Adımı Kalbine Yaz,8,2010,Weltmusik
1101,Acımayacak (Gürcell Club Mix),Tarkan,Adımı Kalbine Yaz,9,2010,Weltmusik
1102,Adımı Kalbine Yaz (Ozinga Club Mix),Tarkan,Adımı Kalbine Yaz,10,2010,Weltmusik
1103,Sevdanın Son Vuruşu (Suat Ateşdağlı Mix),Tarkan,Adımı Kalbine Yaz,11,2010,Weltmusik
1104,Öp (Gürcell Club Mix),Tarkan,Adımı Kalbine Yaz,12,2010,Weltmusik
1105,Sevdanın Son Vuruşu (Kivanch K Mix),Tarkan,Adımı Kalbine Yaz,13,2010,Weltmusik
1106,Rock This Party (Everybody Dance Now) [Original Preformed By Bob Sinclair] [Workout],The Allstars,"The Famous Abs & Ass Workout Megamix (Fitness, Cardio & Aerobic Session) ""Even 32 Counts""",8,2010,Dance
1107,The Time (Dirty Bit),The Black Eyed Peas,The Beginning (Deluxe Version),1,2010,Pop
1108,Light Up the Night,The Black Eyed Peas,The Beginning (Deluxe Version),2,2010,Pop
1109,Love You Long Time,The Black Eyed Peas,The Beginning (Deluxe Version),3,2010,Pop
1110,Xoxoxo,The Black Eyed Peas,The Beginning (Deluxe Version),4,2010,Pop
1111,Someday,The Black Eyed Peas,The Beginning (Deluxe Version),5,2010,Pop
1112,Whenever,The Black Eyed Peas,The Beginning (Deluxe Version),6,2010,Pop
1113,Fashion Beats,The Black Eyed Peas,The Beginning (Deluxe Version),7,2010,Pop
1114,Don’t Stop the Party,The Black Eyed Peas,The Beginning (Deluxe Version),8,2010,Pop
1115,Do It Like This,The Black Eyed Peas,The Beginning (Deluxe Version),9,2010,Pop
1116,The Situation,The Black Eyed Peas,The Beginning (Deluxe Version),10,2010,Pop
1117,The Coming (Bonus Track),The Black Eyed Peas,The Beginning (Deluxe Version),11,2010,Pop
1118,Own It (Bonus Track),The Black Eyed Peas,The Beginning (Deluxe Version),12,2010,Pop
1119,The Best One Yet (The Boy) [Bonus Track],The Black Eyed Peas,The Beginning (Deluxe Version),13,2010,Pop
1120,Just Can’t Get Enough,The Black Eyed Peas,The Beginning (Deluxe Version),14,2010,Pop
1121,Play It Loud,The Black Eyed Peas,The Beginning (Deluxe Version),15,2010,Pop
1122,Boom Boom Pow,The Black Eyed Peas,The E.N.D. (The Energy Never Dies) [Deluxe Version],1,2009,Pop
1123,Rock That Body,The Black Eyed Peas,The E.N.D. (The Energy Never Dies) [Deluxe Version],2,2009,Pop
1124,Meet Me Halfway,The Black Eyed Peas,The E.N.D. (The Energy Never Dies) [Deluxe Version],3,2009,Pop
1125,Imma Be,The Black Eyed Peas,The E.N.D. (The Energy Never Dies) [Deluxe Version],4,2009,Pop
1126,I Gotta Feeling,The Black Eyed Peas,The E.N.D. (The Energy Never Dies) [Deluxe Version],5,2009,Pop
1127,Alive,The Black Eyed Peas,The E.N.D. (The Energy Never Dies) [Deluxe Version],6,2009,Pop
1128,Missing You,The Black Eyed Peas,The E.N.D. (The Energy Never Dies) [Deluxe Version],7,2009,Pop
1129,Ring-A-Ling,The Black Eyed Peas,The E.N.D. (The Energy Never Dies) [Deluxe Version],8,2009,Pop
1130,Party All the Time,The Black Eyed Peas,The E.N.D. (The Energy Never Dies) [Deluxe Version],9,2009,Pop
1131,Out of My Head,The Black Eyed Peas,The E.N.D. (The Energy Never Dies) [Deluxe Version],10,2009,Pop
1132,Electric City,The Black Eyed Peas,The E.N.D. (The Energy Never Dies) [Deluxe Version],11,2009,Pop
1133,Showdown,The Black Eyed Peas,The E.N.D. (The Energy Never Dies) [Deluxe Version],12,2009,Pop
1134,Now Generation,The Black Eyed Peas,The E.N.D. (The Energy Never Dies) [Deluxe Version],13,2009,Pop
1135,One Tribe,The Black Eyed Peas,The E.N.D. (The Energy Never Dies) [Deluxe Version],14,2009,Pop
1136,Rockin to the Beat,The Black Eyed Peas,The E.N.D. (The Energy Never Dies) [Deluxe Version],15,2009,Pop
1137,Where Ya Wanna Go (New Version) [Bonus Track],The Black Eyed Peas,The E.N.D. (The Energy Never Dies) [Deluxe Version],1,2009,Pop
1138,Simple Little Melody (Bonus Track),The Black Eyed Peas,The E.N.D. (The Energy Never Dies) [Deluxe Version],2,2009,Pop
1139,Mare (Bonus Track),The Black Eyed Peas,The E.N.D. (The Energy Never Dies) [Deluxe Version],3,2009,Pop
1140,Don't Bring Me Down (Bonus Track),The Black Eyed Peas,The E.N.D. (The Energy Never Dies) [Deluxe Version],4,2009,Pop
1141,Pump It Harder (Bonus Track),The Black Eyed Peas,The E.N.D. (The Energy Never Dies) [Deluxe Version],5,2009,Pop
1142,Let's Get Re-Started (Bonus Track),The Black Eyed Peas,The E.N.D. (The Energy Never Dies) [Deluxe Version],6,2009,Pop
1143,Shut the Phunk Up (New Version) [Bonus Track],The Black Eyed Peas,The E.N.D. (The Energy Never Dies) [Deluxe Version],7,2009,Pop
1144,That's the Joint (Bonus Track),The Black Eyed Peas,The E.N.D. (The Energy Never Dies) [Deluxe Version],8,2009,Pop
1145,Another Weekend (Bonus Track),The Black Eyed Peas,The E.N.D. (The Energy Never Dies) [Deluxe Version],9,2009,Pop
1146,Don't Phunk Around (Bonus Track),The Black Eyed Peas,The E.N.D. (The Energy Never Dies) [Deluxe Version],10,2009,Pop
1147,Roxanne,The Police,The Very Best of Sting and the Police,17,1997,Rock
1148,Strange Face of Love,Tito & Tarantula,Desperado (The Soundtrack),8,1995,Pop
1149,White Train (Showdown),Tito & Tarantula,Desperado (The Soundtrack),15,1995,Pop
﻿1150,Back to the House That Love Built,Tito & Tarantula,Desperado (The Soundtrack),16,1995,Pop
1151,Stop! Dimentica,Tiziano Ferro,Nessuno È Solo,4,2006,Pop
1152,Addictive,Truth Hurts,Addictive - Single (Featuring Rakim),1,2002,Hip-Hop/Rap
1153,Burcak Tarlasi,Tulay German Ve Doruk Onatkut Orkestrasi,Istanbul 70 - Psych, Disco, Folk Classics,11,2012,Weltmusik
1154,The Miracle (Of Joey Ramone),U2,Songs of Innocence,1,2014,Rock
1155,Every Breaking Wave,U2,Songs of Innocence,2,2014,Rock
1156,California (There Is No End to Love),U2,Songs of Innocence,3,2014,Rock
1157,Song for Someone,U2,Songs of Innocence,4,2014,Rock
1158,Iris (Hold Me Close),U2,Songs of Innocence,5,2014,Rock
1159,Volcano,U2,Songs of Innocence,6,2014,Rock
1160,Raised By Wolves,U2,Songs of Innocence,7,2014,Rock
1161,Cedarwood Road,U2,Songs of Innocence,8,2014,Rock
1162,Sleep Like a Baby Tonight,U2,Songs of Innocence,9,2014,Rock
1163,This Is Where You Can Reach Me Now,U2,Songs of Innocence,10,2014,Rock
1164,The Troubles,U2,Songs of Innocence,11,2014,Rock
1165,Hayırdır İnşallah,Uğur Akdora,45'lik,3,2009,Weltmusik
1166,A Few Words from the Bride,Uma Thurman,Kill Bill, Vol. 2 (Original Soundtrack),1,2004,Soundtracks
1167,The Chase,Unknown,Kill Bill, Vol. 2 (Original Soundtrack),7,2004,Soundtracks
1168,The Legend of Pai Mei,Unknown,Kill Bill, Vol. 2 (Original Soundtrack),8,2004,Soundtracks
1169,Truly and Utterly Bill,Unknown,Kill Bill, Vol. 2 (Original Soundtrack),13,2004,Soundtracks
1170,Disko Kebap (Baris K Edit) [Bonus Track],Urfali Babi,Istanbul 70 - Psych, Disco, Folk Classics,15,2012,Weltmusik
1171,Feel So Bad,Valentine,Ocean Full of Tears,2,2005,Rock
1172,Gaip Arabesk,Various Artists,Neredesin Firuze,1,2004,Weltmusik
1173,Sarkilarin Büyücüsü,Various Artists,Neredesin Firuze,2,2004,Weltmusik
1174,Ya Evde Yoksan,Various Artists,Neredesin Firuze,3,2004,Weltmusik
1175,Kara Sevda,Various Artists,Neredesin Firuze,4,2004,Weltmusik
1176,Sabir,Various Artists,Neredesin Firuze,5,2004,Weltmusik
1177,Beni Affet,Various Artists,Neredesin Firuze,6,2004,Weltmusik
1178,Maskeli Balo,Various Artists,Neredesin Firuze,8,2004,Weltmusik
1179,Garip Yol,Various Artists,Neredesin Firuze,9,2004,Weltmusik
1180,Itirazim Yok,Various Artists,Neredesin Firuze,10,2004,Weltmusik
1181,Garip Arabesk,Various Artists,Neredesin Firuze,11,2004,Weltmusik
1182,Ahirim Sensin,Various Artists,Neredesin Firuze,12,2004,Weltmusik
1183,Çizdim,Various Artists,Neredesin Firuze,13,2004,Weltmusik
1184,Törki Törki,Various Artists,Neredesin Firuze,14,2004,Weltmusik
1185,Tavla,Various Artists,Neredesin Firuze,15,2004,Weltmusik
1186,Yanlizim Dostlarim,Various Artists,Neredesin Firuze,16,2004,Weltmusik
1187,Ayni Cemin Bülbülüyüm,Various Artists,Neredesin Firuze,17,2004,Weltmusik
1188,Inleyen Nameler,Various Artists,Neredesin Firuze,18,2004,Weltmusik
1189,Gaip Arabesk,Various Artists,Neredesin Firuze,19,2004,Weltmusik
1190,N'olur N'olur N'olur,Yasemin Mori,Ya Sonra,6,2011,Türkisch
1191,Deli Divane,Yeliz,En İyileriyle Yeliz,7,2012,Türkisch
1192,Hoş Geldin Bahar,Yeliz,En İyileriyle Yeliz,12,2012,Türkisch
1193,Yalan,Yeliz,45'lik,13,2009,Weltmusik
1194,It's Only A Dream,Yıldıray Gürgen,Ya Sonra,7,2011,Türkisch
1195,Fragman,Yıldıray Gürgen,Ya Sonra,9,2011,Türkisch
1196,Piano Concerto 21,Yıldıray Gürgen,Ya Sonra,12,2011,Türkisch
1197,Barınak,Yıldıray Gürgen,Ya Sonra,13,2011,Türkisch
1198,Cem Funk,Yıldıray Gürgen,Ya Sonra,14,2011,Türkisch
1199,Bana Göre Bir Hayvan,Yıldıray Gürgen,Ya Sonra,16,2011,Türkisch
﻿1200,Stadyum,Yıldıray Gürgen,Ya Sonra,17,2011,Türkisch
1201,Canon,Yıldıray Gürgen,Ya Sonra,18,2011,Türkisch
1202,Didem Beklemede,Yıldıray Gürgen,Ya Sonra,19,2011,Türkisch
1203,Alev Alev Ayrılık,Yıldıray Gürgen,Ya Sonra,21,2011,Türkisch
1204,Piliç Kızartma,Yıldıray Gürgen,Ya Sonra,22,2011,Türkisch
1205,Kalp Kırığı,Yıldıray Gürgen,Ya Sonra,23,2011,Türkisch
1206,Biz Beraberiz,Yıldıray Gürgen,Ya Sonra,24,2011,Türkisch
1207,Uyanış,Yıldıray Gürgen,Ya Sonra,25,2011,Türkisch
1208,Kovalama,Yıldıray Gürgen,Ya Sonra,26,2011,Türkisch
1209,Kavuşma,Yıldıray Gürgen,Ya Sonra,27,2011,Türkisch
1210,Where Is My Mind?,Yoav & Emily Browning,Sucker Punch (Original Motion Picture Soundtrack),7,2011,Soundtracks
1211,Les passants,ZAZ,Zaz,1,2010,Französischer Pop
1212,Je veux,ZAZ,Zaz,2,2010,Französischer Pop
1213,Le long de la route,ZAZ,Zaz,3,2010,Französischer Pop
1214,La fée,ZAZ,Zaz,4,2010,Französischer Pop
1215,Trop sensible,ZAZ,Zaz,5,2010,Französischer Pop
1216,Prends garde à ta langue,ZAZ,Zaz,6,2010,Französischer Pop
1217,Ni oui ni non,ZAZ,Zaz,7,2010,Französischer Pop
1218,Port coton,ZAZ,Zaz,8,2010,Französischer Pop
1219,J'aime à nouveau,ZAZ,Zaz,9,2010,Französischer Pop
1220,Dans ma rue,ZAZ,Zaz,10,2010,Französischer Pop
1221,Éblouie par la nuit,ZAZ,Zaz,11,2010,Französischer Pop
1222,Je veux,ZAZ,Zaz,12,2013,Pop
1223,Forest,Zoë Keating,Into the Trees,1,2010,Klassik
1224,Escape Artist,Zoë Keating,Into the Trees,2,2010,Klassik
1225,Optimist,Zoë Keating,Into the Trees,3,2010,Klassik
1226,The Path,Zoë Keating,Into the Trees,4,2010,Klassik
1227,Lost,Zoë Keating,Into the Trees,5,2010,Klassik
1228,Hello Night,Zoë Keating,Into the Trees,6,2010,Klassik
1229,Don't Worry,Zoë Keating,Into the Trees,7,2010,Klassik
1230,Seven League Boots,Zoë Keating,Into the Trees,8,2010,Klassik
1231,The Last Bird,Zoë Keating,Into the Trees,9,2010,Klassik
1232,Flying & Flocking,Zoë Keating,Into the Trees,10,2010,Klassik
1233,Optimist (Live),Zoë Keating,Into the Trees,11,2010,Klassik
1234,Exurgency,Zoë Keating,One Cello x 16 (EP),1,2004,Klassik
1235,Walking Man,Zoë Keating,One Cello x 16 (EP),2,2004,Klassik
1236,Arrival,Zoë Keating,One Cello x 16 (EP),3,2004,Klassik
1237,Updraught,Zoë Keating,One Cello x 16 (EP),4,2004,Klassik
1238,Coda,Zoë Keating,One Cello x 16 (EP),5,2004,Klassik
1239,Legions (War),Zoë Keating,One Cello x 16: Natoma,1,2005,Klassik
1240,Fern,Zoë Keating,One Cello x 16: Natoma,2,2005,Klassik
1241,Tetrishead,Zoë Keating,One Cello x 16: Natoma,3,2005,Klassik
1242,Sun Will Set,Zoë Keating,One Cello x 16: Natoma,4,2005,Klassik
1243,We Insist,Zoë Keating,One Cello x 16: Natoma,5,2005,Klassik
1244,Legions (Reverie),Zoë Keating,One Cello x 16: Natoma,6,2005,Klassik
1245,Frozen Angels,Zoë Keating,One Cello x 16: Natoma,7,2005,Klassik
1246,Legions (Aftermath),Zoë Keating,One Cello x 16: Natoma,8,2005,Klassik